StudentID,Name,Class,Term,Subject,Marks
S001,Ishan Silva,10E,1,Mathematics,63
S001,Ishan Silva,10E,1,Science,71
S001,Ishan Silva,10E,1,English,71
S001,Ishan Silva,10E,1,ICT,68
S001,Ishan Silva,10E,1,History,69
S001,Ishan Silva,10E,1,Sinhala,68
S001,Ishan Silva,10E,2,Mathematics,59
S001,Ishan Silva,10E,2,Science,69
S001,Ishan Silva,10E,2,English,71
S001,Ishan Silva,10E,2,ICT,73
S001,Ishan Silva,10E,2,History,66
S001,Ishan Silva,10E,2,Sinhala,71
S002,Radith de Silva,10B,1,Mathematics,52
S002,Radith de Silva,10B,1,Science,50
S002,Radith de Silva,10B,1,English,51
S002,Radith de Silva,10B,1,ICT,67
S002,Radith de Silva,10B,1,History,60
S002,Radith de Silva,10B,1,Sinhala,52
S002,Radith de Silva,10B,2,Mathematics,65
S002,Radith de Silva,10B,2,Science,60
S002,Radith de Silva,10B,2,English,62
S002,Radith de Silva,10B,2,ICT,59
S002,Radith de Silva,10B,2,History,62
S002,Radith de Silva,10B,2,Sinhala,65
S003,Charith Costa,10C,1,Mathematics,86
S003,Charith Costa,10C,1,Science,84
S003,Charith Costa,10C,1,English,83
S003,Charith Costa,10C,1,ICT,87
S003,Charith Costa,10C,1,History,89
S003,Charith Costa,10C,1,Sinhala,91
S003,Charith Costa,10C,2,Mathematics,83
S003,Charith Costa,10C,2,Science,86
S003,Charith Costa,10C,2,English,89
S003,Charith Costa,10C,2,ICT,91
S003,Charith Costa,10C,2,History,85
S003,Charith Costa,10C,2,Sinhala,88
S004,Gihan de Silva,10F,1,Mathematics,51
S004,Gihan de Silva,10F,1,Science,66
S004,Gihan de Silva,10F,1,English,50
S004,Gihan de Silva,10F,1,ICT,64
S004,Gihan de Silva,10F,1,History,63
S004,Gihan de Silva,10F,1,Sinhala,60
S004,Gihan de Silva,10F,2,Mathematics,40
S004,Gihan de Silva,10F,2,Science,41
S004,Gihan de Silva,10F,2,English,51
S004,Gihan de Silva,10F,2,ICT,50
S004,Gihan de Silva,10F,2,History,57
S004,Gihan de Silva,10F,2,Sinhala,48
S005,Charith Fernando,10D,1,Mathematics,39
S005,Charith Fernando,10D,1,Science,48
S005,Charith Fernando,10D,1,English,47
S005,Charith Fernando,10D,1,ICT,42
S005,Charith Fernando,10D,1,History,51
S005,Charith Fernando,10D,1,Sinhala,50
S005,Charith Fernando,10D,2,Mathematics,44
S005,Charith Fernando,10D,2,Science,50
S005,Charith Fernando,10D,2,English,44
S005,Charith Fernando,10D,2,ICT,48
S005,Charith Fernando,10D,2,History,50
S005,Charith Fernando,10D,2,Sinhala,48
S006,Sashen Almeida,10C,1,Mathematics,63
S006,Sashen Almeida,10C,1,Science,79
S006,Sashen Almeida,10C,1,English,64
S006,Sashen Almeida,10C,1,ICT,69
S006,Sashen Almeida,10C,1,History,65
S006,Sashen Almeida,10C,1,Sinhala,55
S006,Sashen Almeida,10C,2,Mathematics,60
S006,Sashen Almeida,10C,2,Science,65
S006,Sashen Almeida,10C,2,English,61
S006,Sashen Almeida,10C,2,ICT,57
S006,Sashen Almeida,10C,2,History,63
S006,Sashen Almeida,10C,2,Sinhala,46
S007,Nadun Thabrew,10E,1,Mathematics,70
S007,Nadun Thabrew,10E,1,Science,70
S007,Nadun Thabrew,10E,1,English,63
S007,Nadun Thabrew,10E,1,ICT,71
S007,Nadun Thabrew,10E,1,History,71
S007,Nadun Thabrew,10E,1,Sinhala,60
S007,Nadun Thabrew,10E,2,Mathematics,74
S007,Nadun Thabrew,10E,2,Science,69
S007,Nadun Thabrew,10E,2,English,60
S007,Nadun Thabrew,10E,2,ICT,73
S007,Nadun Thabrew,10E,2,History,69
S007,Nadun Thabrew,10E,2,Sinhala,68
S008,Janith Perera,10B,1,Mathematics,51
S008,Janith Perera,10B,1,Science,56
S008,Janith Perera,10B,1,English,66
S008,Janith Perera,10B,1,ICT,63
S008,Janith Perera,10B,1,History,55
S008,Janith Perera,10B,1,Sinhala,60
S008,Janith Perera,10B,2,Mathematics,47
S008,Janith Perera,10B,2,Science,62
S008,Janith Perera,10B,2,English,64
S008,Janith Perera,10B,2,ICT,59
S008,Janith Perera,10B,2,History,64
S008,Janith Perera,10B,2,Sinhala,59
S009,Binura Alles,10B,1,Mathematics,74
S009,Binura Alles,10B,1,Science,74
S009,Binura Alles,10B,1,English,66
S009,Binura Alles,10B,1,ICT,81
S009,Binura Alles,10B,1,History,71
S009,Binura Alles,10B,1,Sinhala,68
S009,Binura Alles,10B,2,Mathematics,83
S009,Binura Alles,10B,2,Science,84
S009,Binura Alles,10B,2,English,81
S009,Binura Alles,10B,2,ICT,87
S009,Binura Alles,10B,2,History,84
S009,Binura Alles,10B,2,Sinhala,86
S010,Radith Perera,10A,1,Mathematics,71
S010,Radith Perera,10A,1,Science,72
S010,Radith Perera,10A,1,English,83
S010,Radith Perera,10A,1,ICT,85
S010,Radith Perera,10A,1,History,80
S010,Radith Perera,10A,1,Sinhala,86
S010,Radith Perera,10A,2,Mathematics,77
S010,Radith Perera,10A,2,Science,84
S010,Radith Perera,10A,2,English,95
S010,Radith Perera,10A,2,ICT,96
S010,Radith Perera,10A,2,History,89
S010,Radith Perera,10A,2,Sinhala,100
S011,Binura Gomes,10E,1,Mathematics,64
S011,Binura Gomes,10E,1,Science,49
S011,Binura Gomes,10E,1,English,59
S011,Binura Gomes,10E,1,ICT,49
S011,Binura Gomes,10E,1,History,50
S011,Binura Gomes,10E,1,Sinhala,58
S011,Binura Gomes,10E,2,Mathematics,48
S011,Binura Gomes,10E,2,Science,45
S011,Binura Gomes,10E,2,English,46
S011,Binura Gomes,10E,2,ICT,51
S011,Binura Gomes,10E,2,History,47
S011,Binura Gomes,10E,2,Sinhala,47
S012,Vimath Almeida,10A,1,Mathematics,62
S012,Vimath Almeida,10A,1,Science,75
S012,Vimath Almeida,10A,1,English,63
S012,Vimath Almeida,10A,1,ICT,60
S012,Vimath Almeida,10A,1,History,65
S012,Vimath Almeida,10A,1,Sinhala,62
S012,Vimath Almeida,10A,2,Mathematics,59
S012,Vimath Almeida,10A,2,Science,66
S012,Vimath Almeida,10A,2,English,55
S012,Vimath Almeida,10A,2,ICT,57
S012,Vimath Almeida,10A,2,History,68
S012,Vimath Almeida,10A,2,Sinhala,61
S013,Hasith Nonis,10A,1,Mathematics,19
S013,Hasith Nonis,10A,1,Science,23
S013,Hasith Nonis,10A,1,English,29
S013,Hasith Nonis,10A,1,ICT,24
S013,Hasith Nonis,10A,1,History,27
S013,Hasith Nonis,10A,1,Sinhala,24
S013,Hasith Nonis,10A,2,Mathematics,37
S013,Hasith Nonis,10A,2,Science,34
S013,Hasith Nonis,10A,2,English,38
S013,Hasith Nonis,10A,2,ICT,40
S013,Hasith Nonis,10A,2,History,36
S013,Hasith Nonis,10A,2,Sinhala,36
S014,Pasan Almeida,10C,1,Mathematics,60
S014,Pasan Almeida,10C,1,Science,68
S014,Pasan Almeida,10C,1,English,66
S014,Pasan Almeida,10C,1,ICT,67
S014,Pasan Almeida,10C,1,History,69
S014,Pasan Almeida,10C,1,Sinhala,72
S014,Pasan Almeida,10C,2,Mathematics,47
S014,Pasan Almeida,10C,2,Science,57
S014,Pasan Almeida,10C,2,English,55
S014,Pasan Almeida,10C,2,ICT,55
S014,Pasan Almeida,10C,2,History,62
S014,Pasan Almeida,10C,2,Sinhala,64
S015,Ometh Almeida,10F,1,Mathematics,71
S015,Ometh Almeida,10F,1,Science,65
S015,Ometh Almeida,10F,1,English,67
S015,Ometh Almeida,10F,1,ICT,80
S015,Ometh Almeida,10F,1,History,76
S015,Ometh Almeida,10F,1,Sinhala,75
S015,Ometh Almeida,10F,2,Mathematics,75
S015,Ometh Almeida,10F,2,Science,66
S015,Ometh Almeida,10F,2,English,71
S015,Ometh Almeida,10F,2,ICT,74
S015,Ometh Almeida,10F,2,History,75
S015,Ometh Almeida,10F,2,Sinhala,72
S016,Vimath Thabrew,10A,1,Mathematics,65
S016,Vimath Thabrew,10A,1,Science,58
S016,Vimath Thabrew,10A,1,English,73
S016,Vimath Thabrew,10A,1,ICT,62
S016,Vimath Thabrew,10A,1,History,66
S016,Vimath Thabrew,10A,1,Sinhala,71
S016,Vimath Thabrew,10A,2,Mathematics,63
S016,Vimath Thabrew,10A,2,Science,62
S016,Vimath Thabrew,10A,2,English,76
S016,Vimath Thabrew,10A,2,ICT,64
S016,Vimath Thabrew,10A,2,History,61
S016,Vimath Thabrew,10A,2,Sinhala,74
S017,Vimath Mendis,10F,1,Mathematics,65
S017,Vimath Mendis,10F,1,Science,63
S017,Vimath Mendis,10F,1,English,67
S017,Vimath Mendis,10F,1,ICT,60
S017,Vimath Mendis,10F,1,History,62
S017,Vimath Mendis,10F,1,Sinhala,65
S017,Vimath Mendis,10F,2,Mathematics,63
S017,Vimath Mendis,10F,2,Science,60
S017,Vimath Mendis,10F,2,English,69
S017,Vimath Mendis,10F,2,ICT,70
S017,Vimath Mendis,10F,2,History,62
S017,Vimath Mendis,10F,2,Sinhala,67
S018,Charith Peiris,10D,1,Mathematics,73
S018,Charith Peiris,10D,1,Science,66
S018,Charith Peiris,10D,1,English,73
S018,Charith Peiris,10D,1,ICT,73
S018,Charith Peiris,10D,1,History,76
S018,Charith Peiris,10D,1,Sinhala,68
S018,Charith Peiris,10D,2,Mathematics,62
S018,Charith Peiris,10D,2,Science,68
S018,Charith Peiris,10D,2,English,62
S018,Charith Peiris,10D,2,ICT,71
S018,Charith Peiris,10D,2,History,65
S018,Charith Peiris,10D,2,Sinhala,73
S019,Lasith Peiris,10D,1,Mathematics,61
S019,Lasith Peiris,10D,1,Science,53
S019,Lasith Peiris,10D,1,English,44
S019,Lasith Peiris,10D,1,ICT,58
S019,Lasith Peiris,10D,1,History,55
S019,Lasith Peiris,10D,1,Sinhala,55
S019,Lasith Peiris,10D,2,Mathematics,64
S019,Lasith Peiris,10D,2,Science,67
S019,Lasith Peiris,10D,2,English,65
S019,Lasith Peiris,10D,2,ICT,67
S019,Lasith Peiris,10D,2,History,68
S019,Lasith Peiris,10D,2,Sinhala,67
S020,Maneth Peiris,10B,1,Mathematics,61
S020,Maneth Peiris,10B,1,Science,58
S020,Maneth Peiris,10B,1,English,65
S020,Maneth Peiris,10B,1,ICT,64
S020,Maneth Peiris,10B,1,History,64
S020,Maneth Peiris,10B,1,Sinhala,62
S020,Maneth Peiris,10B,2,Mathematics,57
S020,Maneth Peiris,10B,2,Science,64
S020,Maneth Peiris,10B,2,English,66
S020,Maneth Peiris,10B,2,ICT,72
S020,Maneth Peiris,10B,2,History,54
S020,Maneth Peiris,10B,2,Sinhala,61
S021,Sashen Alwis,10F,1,Mathematics,24
S021,Sashen Alwis,10F,1,Science,35
S021,Sashen Alwis,10F,1,English,35
S021,Sashen Alwis,10F,1,ICT,42
S021,Sashen Alwis,10F,1,History,36
S021,Sashen Alwis,10F,1,Sinhala,47
S021,Sashen Alwis,10F,2,Mathematics,26
S021,Sashen Alwis,10F,2,Science,38
S021,Sashen Alwis,10F,2,English,35
S021,Sashen Alwis,10F,2,ICT,39
S021,Sashen Alwis,10F,2,History,42
S021,Sashen Alwis,10F,2,Sinhala,44
S022,Ashan Silva,10A,1,Mathematics,59
S022,Ashan Silva,10A,1,Science,46
S022,Ashan Silva,10A,1,English,50
S022,Ashan Silva,10A,1,ICT,53
S022,Ashan Silva,10A,1,History,48
S022,Ashan Silva,10A,1,Sinhala,51
S022,Ashan Silva,10A,2,Mathematics,51
S022,Ashan Silva,10A,2,Science,47
S022,Ashan Silva,10A,2,English,48
S022,Ashan Silva,10A,2,ICT,47
S022,Ashan Silva,10A,2,History,46
S022,Ashan Silva,10A,2,Sinhala,41
S023,Pasan de Silva,10D,1,Mathematics,20
S023,Pasan de Silva,10D,1,Science,30
S023,Pasan de Silva,10D,1,English,21
S023,Pasan de Silva,10D,1,ICT,24
S023,Pasan de Silva,10D,1,History,24
S023,Pasan de Silva,10D,1,Sinhala,33
S023,Pasan de Silva,10D,2,Mathematics,36
S023,Pasan de Silva,10D,2,Science,35
S023,Pasan de Silva,10D,2,English,26
S023,Pasan de Silva,10D,2,ICT,38
S023,Pasan de Silva,10D,2,History,30
S023,Pasan de Silva,10D,2,Sinhala,36
S024,Sashen Abrew,10B,1,Mathematics,67
S024,Sashen Abrew,10B,1,Science,72
S024,Sashen Abrew,10B,1,English,71
S024,Sashen Abrew,10B,1,ICT,72
S024,Sashen Abrew,10B,1,History,68
S024,Sashen Abrew,10B,1,Sinhala,76
S024,Sashen Abrew,10B,2,Mathematics,58
S024,Sashen Abrew,10B,2,Science,51
S024,Sashen Abrew,10B,2,English,60
S024,Sashen Abrew,10B,2,ICT,59
S024,Sashen Abrew,10B,2,History,54
S024,Sashen Abrew,10B,2,Sinhala,61
S025,Kasun Gomes,10D,1,Mathematics,45
S025,Kasun Gomes,10D,1,Science,42
S025,Kasun Gomes,10D,1,English,38
S025,Kasun Gomes,10D,1,ICT,52
S025,Kasun Gomes,10D,1,History,53
S025,Kasun Gomes,10D,1,Sinhala,41
S025,Kasun Gomes,10D,2,Mathematics,42
S025,Kasun Gomes,10D,2,Science,34
S025,Kasun Gomes,10D,2,English,36
S025,Kasun Gomes,10D,2,ICT,38
S025,Kasun Gomes,10D,2,History,41
S025,Kasun Gomes,10D,2,Sinhala,36
S026,Janith Nonis,10A,1,Mathematics,58
S026,Janith Nonis,10A,1,Science,62
S026,Janith Nonis,10A,1,English,59
S026,Janith Nonis,10A,1,ICT,63
S026,Janith Nonis,10A,1,History,57
S026,Janith Nonis,10A,1,Sinhala,63
S026,Janith Nonis,10A,2,Mathematics,63
S026,Janith Nonis,10A,2,Science,66
S026,Janith Nonis,10A,2,English,62
S026,Janith Nonis,10A,2,ICT,67
S026,Janith Nonis,10A,2,History,58
S026,Janith Nonis,10A,2,Sinhala,65
S027,Sashen Mendis,10A,1,Mathematics,55
S027,Sashen Mendis,10A,1,Science,66
S027,Sashen Mendis,10A,1,English,75
S027,Sashen Mendis,10A,1,ICT,80
S027,Sashen Mendis,10A,1,History,69
S027,Sashen Mendis,10A,1,Sinhala,73
S027,Sashen Mendis,10A,2,Mathematics,65
S027,Sashen Mendis,10A,2,Science,58
S027,Sashen Mendis,10A,2,English,75
S027,Sashen Mendis,10A,2,ICT,76
S027,Sashen Mendis,10A,2,History,60
S027,Sashen Mendis,10A,2,Sinhala,77
S028,Ometh Abrew,10D,1,Mathematics,63
S028,Ometh Abrew,10D,1,Science,66
S028,Ometh Abrew,10D,1,English,77
S028,Ometh Abrew,10D,1,ICT,72
S028,Ometh Abrew,10D,1,History,73
S028,Ometh Abrew,10D,1,Sinhala,65
S028,Ometh Abrew,10D,2,Mathematics,70
S028,Ometh Abrew,10D,2,Science,73
S028,Ometh Abrew,10D,2,English,82
S028,Ometh Abrew,10D,2,ICT,81
S028,Ometh Abrew,10D,2,History,81
S028,Ometh Abrew,10D,2,Sinhala,73
S029,Gihan Abrew,10C,1,Mathematics,73
S029,Gihan Abrew,10C,1,Science,66
S029,Gihan Abrew,10C,1,English,87
S029,Gihan Abrew,10C,1,ICT,71
S029,Gihan Abrew,10C,1,History,67
S029,Gihan Abrew,10C,1,Sinhala,69
S029,Gihan Abrew,10C,2,Mathematics,77
S029,Gihan Abrew,10C,2,Science,75
S029,Gihan Abrew,10C,2,English,77
S029,Gihan Abrew,10C,2,ICT,75
S029,Gihan Abrew,10C,2,History,77
S029,Gihan Abrew,10C,2,Sinhala,74
S030,Ashan Alwis,10C,1,Mathematics,35
S030,Ashan Alwis,10C,1,Science,32
S030,Ashan Alwis,10C,1,English,46
S030,Ashan Alwis,10C,1,ICT,47
S030,Ashan Alwis,10C,1,History,43
S030,Ashan Alwis,10C,1,Sinhala,34
S030,Ashan Alwis,10C,2,Mathematics,40
S030,Ashan Alwis,10C,2,Science,49
S030,Ashan Alwis,10C,2,English,45
S030,Ashan Alwis,10C,2,ICT,44
S030,Ashan Alwis,10C,2,History,50
S030,Ashan Alwis,10C,2,Sinhala,42
S031,Uvindu Nonis,10A,1,Mathematics,25
S031,Uvindu Nonis,10A,1,Science,16
S031,Uvindu Nonis,10A,1,English,20
S031,Uvindu Nonis,10A,1,ICT,27
S031,Uvindu Nonis,10A,1,History,24
S031,Uvindu Nonis,10A,1,Sinhala,18
S031,Uvindu Nonis,10A,2,Mathematics,10
S031,Uvindu Nonis,10A,2,Science,12
S031,Uvindu Nonis,10A,2,English,18
S031,Uvindu Nonis,10A,2,ICT,23
S031,Uvindu Nonis,10A,2,History,18
S031,Uvindu Nonis,10A,2,Sinhala,17
S032,Janith Rodrigo,10A,1,Mathematics,60
S032,Janith Rodrigo,10A,1,Science,50
S032,Janith Rodrigo,10A,1,English,63
S032,Janith Rodrigo,10A,1,ICT,78
S032,Janith Rodrigo,10A,1,History,61
S032,Janith Rodrigo,10A,1,Sinhala,69
S032,Janith Rodrigo,10A,2,Mathematics,50
S032,Janith Rodrigo,10A,2,Science,34
S032,Janith Rodrigo,10A,2,English,50
S032,Janith Rodrigo,10A,2,ICT,58
S032,Janith Rodrigo,10A,2,History,38
S032,Janith Rodrigo,10A,2,Sinhala,53
S033,Nadun Almeida,10D,1,Mathematics,61
S033,Nadun Almeida,10D,1,Science,60
S033,Nadun Almeida,10D,1,English,69
S033,Nadun Almeida,10D,1,ICT,65
S033,Nadun Almeida,10D,1,History,67
S033,Nadun Almeida,10D,1,Sinhala,66
S033,Nadun Almeida,10D,2,Mathematics,58
S033,Nadun Almeida,10D,2,Science,61
S033,Nadun Almeida,10D,2,English,60
S033,Nadun Almeida,10D,2,ICT,69
S033,Nadun Almeida,10D,2,History,65
S033,Nadun Almeida,10D,2,Sinhala,70
S034,Charith Alles,10A,1,Mathematics,74
S034,Charith Alles,10A,1,Science,72
S034,Charith Alles,10A,1,English,73
S034,Charith Alles,10A,1,ICT,67
S034,Charith Alles,10A,1,History,70
S034,Charith Alles,10A,1,Sinhala,77
S034,Charith Alles,10A,2,Mathematics,78
S034,Charith Alles,10A,2,Science,74
S034,Charith Alles,10A,2,English,75
S034,Charith Alles,10A,2,ICT,77
S034,Charith Alles,10A,2,History,75
S034,Charith Alles,10A,2,Sinhala,74
S035,Radith Mendis,10F,1,Mathematics,50
S035,Radith Mendis,10F,1,Science,61
S035,Radith Mendis,10F,1,English,58
S035,Radith Mendis,10F,1,ICT,73
S035,Radith Mendis,10F,1,History,71
S035,Radith Mendis,10F,1,Sinhala,66
S035,Radith Mendis,10F,2,Mathematics,62
S035,Radith Mendis,10F,2,Science,66
S035,Radith Mendis,10F,2,English,60
S035,Radith Mendis,10F,2,ICT,69
S035,Radith Mendis,10F,2,History,67
S035,Radith Mendis,10F,2,Sinhala,66
S036,Nadun Silva,10E,1,Mathematics,77
S036,Nadun Silva,10E,1,Science,74
S036,Nadun Silva,10E,1,English,98
S036,Nadun Silva,10E,1,ICT,82
S036,Nadun Silva,10E,1,History,84
S036,Nadun Silva,10E,1,Sinhala,74
S036,Nadun Silva,10E,2,Mathematics,70
S036,Nadun Silva,10E,2,Science,72
S036,Nadun Silva,10E,2,English,76
S036,Nadun Silva,10E,2,ICT,81
S036,Nadun Silva,10E,2,History,74
S036,Nadun Silva,10E,2,Sinhala,66
S037,Sashen Thabrew,10E,1,Mathematics,56
S037,Sashen Thabrew,10E,1,Science,58
S037,Sashen Thabrew,10E,1,English,51
S037,Sashen Thabrew,10E,1,ICT,59
S037,Sashen Thabrew,10E,1,History,58
S037,Sashen Thabrew,10E,1,Sinhala,58
S037,Sashen Thabrew,10E,2,Mathematics,56
S037,Sashen Thabrew,10E,2,Science,50
S037,Sashen Thabrew,10E,2,English,50
S037,Sashen Thabrew,10E,2,ICT,57
S037,Sashen Thabrew,10E,2,History,57
S037,Sashen Thabrew,10E,2,Sinhala,52
S038,Ishan Fernando,10E,1,Mathematics,45
S038,Ishan Fernando,10E,1,Science,43
S038,Ishan Fernando,10E,1,English,49
S038,Ishan Fernando,10E,1,ICT,47
S038,Ishan Fernando,10E,1,History,52
S038,Ishan Fernando,10E,1,Sinhala,47
S038,Ishan Fernando,10E,2,Mathematics,34
S038,Ishan Fernando,10E,2,Science,31
S038,Ishan Fernando,10E,2,English,42
S038,Ishan Fernando,10E,2,ICT,38
S038,Ishan Fernando,10E,2,History,39
S038,Ishan Fernando,10E,2,Sinhala,33
S039,Ishan Almeida,10F,1,Mathematics,65
S039,Ishan Almeida,10F,1,Science,72
S039,Ishan Almeida,10F,1,English,77
S039,Ishan Almeida,10F,1,ICT,66
S039,Ishan Almeida,10F,1,History,71
S039,Ishan Almeida,10F,1,Sinhala,76
S039,Ishan Almeida,10F,2,Mathematics,75
S039,Ishan Almeida,10F,2,Science,76
S039,Ishan Almeida,10F,2,English,80
S039,Ishan Almeida,10F,2,ICT,79
S039,Ishan Almeida,10F,2,History,86
S039,Ishan Almeida,10F,2,Sinhala,92
S040,Dasun Rodrigo,10E,1,Mathematics,68
S040,Dasun Rodrigo,10E,1,Science,79
S040,Dasun Rodrigo,10E,1,English,75
S040,Dasun Rodrigo,10E,1,ICT,87
S040,Dasun Rodrigo,10E,1,History,75
S040,Dasun Rodrigo,10E,1,Sinhala,70
S040,Dasun Rodrigo,10E,2,Mathematics,80
S040,Dasun Rodrigo,10E,2,Science,89
S040,Dasun Rodrigo,10E,2,English,86
S040,Dasun Rodrigo,10E,2,ICT,97
S040,Dasun Rodrigo,10E,2,History,98
S040,Dasun Rodrigo,10E,2,Sinhala,85
S041,Sashen Nonis,10F,1,Mathematics,75
S041,Sashen Nonis,10F,1,Science,74
S041,Sashen Nonis,10F,1,English,82
S041,Sashen Nonis,10F,1,ICT,84
S041,Sashen Nonis,10F,1,History,77
S041,Sashen Nonis,10F,1,Sinhala,94
S041,Sashen Nonis,10F,2,Mathematics,80
S041,Sashen Nonis,10F,2,Science,76
S041,Sashen Nonis,10F,2,English,79
S041,Sashen Nonis,10F,2,ICT,83
S041,Sashen Nonis,10F,2,History,78
S041,Sashen Nonis,10F,2,Sinhala,97
S042,Sashen Fernando,10D,1,Mathematics,31
S042,Sashen Fernando,10D,1,Science,28
S042,Sashen Fernando,10D,1,English,37
S042,Sashen Fernando,10D,1,ICT,50
S042,Sashen Fernando,10D,1,History,33
S042,Sashen Fernando,10D,1,Sinhala,33
S042,Sashen Fernando,10D,2,Mathematics,35
S042,Sashen Fernando,10D,2,Science,37
S042,Sashen Fernando,10D,2,English,43
S042,Sashen Fernando,10D,2,ICT,47
S042,Sashen Fernando,10D,2,History,31
S042,Sashen Fernando,10D,2,Sinhala,34
S043,Uvindu Mendis,10D,1,Mathematics,69
S043,Uvindu Mendis,10D,1,Science,81
S043,Uvindu Mendis,10D,1,English,70
S043,Uvindu Mendis,10D,1,ICT,76
S043,Uvindu Mendis,10D,1,History,79
S043,Uvindu Mendis,10D,1,Sinhala,81
S043,Uvindu Mendis,10D,2,Mathematics,66
S043,Uvindu Mendis,10D,2,Science,74
S043,Uvindu Mendis,10D,2,English,73
S043,Uvindu Mendis,10D,2,ICT,76
S043,Uvindu Mendis,10D,2,History,76
S043,Uvindu Mendis,10D,2,Sinhala,76
S044,Eshan Nonis,10E,1,Mathematics,71
S044,Eshan Nonis,10E,1,Science,71
S044,Eshan Nonis,10E,1,English,67
S044,Eshan Nonis,10E,1,ICT,86
S044,Eshan Nonis,10E,1,History,61
S044,Eshan Nonis,10E,1,Sinhala,63
S044,Eshan Nonis,10E,2,Mathematics,80
S044,Eshan Nonis,10E,2,Science,82
S044,Eshan Nonis,10E,2,English,78
S044,Eshan Nonis,10E,2,ICT,95
S044,Eshan Nonis,10E,2,History,81
S044,Eshan Nonis,10E,2,Sinhala,82
S045,Thineth Nonis,10D,1,Mathematics,56
S045,Thineth Nonis,10D,1,Science,60
S045,Thineth Nonis,10D,1,English,52
S045,Thineth Nonis,10D,1,ICT,73
S045,Thineth Nonis,10D,1,History,54
S045,Thineth Nonis,10D,1,Sinhala,58
S045,Thineth Nonis,10D,2,Mathematics,74
S045,Thineth Nonis,10D,2,Science,75
S045,Thineth Nonis,10D,2,English,74
S045,Thineth Nonis,10D,2,ICT,83
S045,Thineth Nonis,10D,2,History,72
S045,Thineth Nonis,10D,2,Sinhala,74
S046,Hasith Almeida,10A,1,Mathematics,55
S046,Hasith Almeida,10A,1,Science,48
S046,Hasith Almeida,10A,1,English,55
S046,Hasith Almeida,10A,1,ICT,45
S046,Hasith Almeida,10A,1,History,57
S046,Hasith Almeida,10A,1,Sinhala,44
S046,Hasith Almeida,10A,2,Mathematics,42
S046,Hasith Almeida,10A,2,Science,51
S046,Hasith Almeida,10A,2,English,57
S046,Hasith Almeida,10A,2,ICT,51
S046,Hasith Almeida,10A,2,History,53
S046,Hasith Almeida,10A,2,Sinhala,51
S047,Thineth Mendis,10A,1,Mathematics,54
S047,Thineth Mendis,10A,1,Science,68
S047,Thineth Mendis,10A,1,English,75
S047,Thineth Mendis,10A,1,ICT,70
S047,Thineth Mendis,10A,1,History,64
S047,Thineth Mendis,10A,1,Sinhala,70
S047,Thineth Mendis,10A,2,Mathematics,59
S047,Thineth Mendis,10A,2,Science,69
S047,Thineth Mendis,10A,2,English,64
S047,Thineth Mendis,10A,2,ICT,61
S047,Thineth Mendis,10A,2,History,65
S047,Thineth Mendis,10A,2,Sinhala,65
S048,Lasith Gomes,10C,1,Mathematics,67
S048,Lasith Gomes,10C,1,Science,71
S048,Lasith Gomes,10C,1,English,67
S048,Lasith Gomes,10C,1,ICT,80
S048,Lasith Gomes,10C,1,History,74
S048,Lasith Gomes,10C,1,Sinhala,77
S048,Lasith Gomes,10C,2,Mathematics,68
S048,Lasith Gomes,10C,2,Science,80
S048,Lasith Gomes,10C,2,English,74
S048,Lasith Gomes,10C,2,ICT,78
S048,Lasith Gomes,10C,2,History,71
S048,Lasith Gomes,10C,2,Sinhala,79
S049,Ometh Nonis,10D,1,Mathematics,32
S049,Ometh Nonis,10D,1,Science,40
S049,Ometh Nonis,10D,1,English,39
S049,Ometh Nonis,10D,1,ICT,40
S049,Ometh Nonis,10D,1,History,45
S049,Ometh Nonis,10D,1,Sinhala,38
S049,Ometh Nonis,10D,2,Mathematics,34
S049,Ometh Nonis,10D,2,Science,42
S049,Ometh Nonis,10D,2,English,38
S049,Ometh Nonis,10D,2,ICT,39
S049,Ometh Nonis,10D,2,History,50
S049,Ometh Nonis,10D,2,Sinhala,47
S050,Dasun Almeida,10D,1,Mathematics,81
S050,Dasun Almeida,10D,1,Science,69
S050,Dasun Almeida,10D,1,English,85
S050,Dasun Almeida,10D,1,ICT,74
S050,Dasun Almeida,10D,1,History,77
S050,Dasun Almeida,10D,1,Sinhala,77
S050,Dasun Almeida,10D,2,Mathematics,59
S050,Dasun Almeida,10D,2,Science,71
S050,Dasun Almeida,10D,2,English,65
S050,Dasun Almeida,10D,2,ICT,68
S050,Dasun Almeida,10D,2,History,64
S050,Dasun Almeida,10D,2,Sinhala,70
S051,Ashan Mendis,10A,1,Mathematics,43
S051,Ashan Mendis,10A,1,Science,62
S051,Ashan Mendis,10A,1,English,51
S051,Ashan Mendis,10A,1,ICT,51
S051,Ashan Mendis,10A,1,History,50
S051,Ashan Mendis,10A,1,Sinhala,60
S051,Ashan Mendis,10A,2,Mathematics,45
S051,Ashan Mendis,10A,2,Science,55
S051,Ashan Mendis,10A,2,English,51
S051,Ashan Mendis,10A,2,ICT,50
S051,Ashan Mendis,10A,2,History,55
S051,Ashan Mendis,10A,2,Sinhala,61
S052,Thineth de Silva,10E,1,Mathematics,88
S052,Thineth de Silva,10E,1,Science,82
S052,Thineth de Silva,10E,1,English,82
S052,Thineth de Silva,10E,1,ICT,89
S052,Thineth de Silva,10E,1,History,86
S052,Thineth de Silva,10E,1,Sinhala,100
S052,Thineth de Silva,10E,2,Mathematics,77
S052,Thineth de Silva,10E,2,Science,81
S052,Thineth de Silva,10E,2,English,77
S052,Thineth de Silva,10E,2,ICT,89
S052,Thineth de Silva,10E,2,History,84
S052,Thineth de Silva,10E,2,Sinhala,88
S053,Binura Abrew,10E,1,Mathematics,61
S053,Binura Abrew,10E,1,Science,60
S053,Binura Abrew,10E,1,English,66
S053,Binura Abrew,10E,1,ICT,71
S053,Binura Abrew,10E,1,History,69
S053,Binura Abrew,10E,1,Sinhala,69
S053,Binura Abrew,10E,2,Mathematics,76
S053,Binura Abrew,10E,2,Science,75
S053,Binura Abrew,10E,2,English,76
S053,Binura Abrew,10E,2,ICT,84
S053,Binura Abrew,10E,2,History,83
S053,Binura Abrew,10E,2,Sinhala,72
S054,Radith Peiris,10B,1,Mathematics,74
S054,Radith Peiris,10B,1,Science,63
S054,Radith Peiris,10B,1,English,69
S054,Radith Peiris,10B,1,ICT,62
S054,Radith Peiris,10B,1,History,67
S054,Radith Peiris,10B,1,Sinhala,65
S054,Radith Peiris,10B,2,Mathematics,84
S054,Radith Peiris,10B,2,Science,80
S054,Radith Peiris,10B,2,English,80
S054,Radith Peiris,10B,2,ICT,90
S054,Radith Peiris,10B,2,History,84
S054,Radith Peiris,10B,2,Sinhala,78
S055,Ishan Peiris,10A,1,Mathematics,79
S055,Ishan Peiris,10A,1,Science,66
S055,Ishan Peiris,10A,1,English,65
S055,Ishan Peiris,10A,1,ICT,77
S055,Ishan Peiris,10A,1,History,77
S055,Ishan Peiris,10A,1,Sinhala,76
S055,Ishan Peiris,10A,2,Mathematics,82
S055,Ishan Peiris,10A,2,Science,78
S055,Ishan Peiris,10A,2,English,74
S055,Ishan Peiris,10A,2,ICT,86
S055,Ishan Peiris,10A,2,History,94
S055,Ishan Peiris,10A,2,Sinhala,96
S056,Kasun Alles,10D,1,Mathematics,60
S056,Kasun Alles,10D,1,Science,67
S056,Kasun Alles,10D,1,English,67
S056,Kasun Alles,10D,1,ICT,72
S056,Kasun Alles,10D,1,History,71
S056,Kasun Alles,10D,1,Sinhala,77
S056,Kasun Alles,10D,2,Mathematics,61
S056,Kasun Alles,10D,2,Science,70
S056,Kasun Alles,10D,2,English,72
S056,Kasun Alles,10D,2,ICT,66
S056,Kasun Alles,10D,2,History,69
S056,Kasun Alles,10D,2,Sinhala,75
S057,Lasith Rodrigo,10F,1,Mathematics,61
S057,Lasith Rodrigo,10F,1,Science,67
S057,Lasith Rodrigo,10F,1,English,60
S057,Lasith Rodrigo,10F,1,ICT,65
S057,Lasith Rodrigo,10F,1,History,69
S057,Lasith Rodrigo,10F,1,Sinhala,72
S057,Lasith Rodrigo,10F,2,Mathematics,71
S057,Lasith Rodrigo,10F,2,Science,76
S057,Lasith Rodrigo,10F,2,English,79
S057,Lasith Rodrigo,10F,2,ICT,78
S057,Lasith Rodrigo,10F,2,History,85
S057,Lasith Rodrigo,10F,2,Sinhala,76
S058,Ishan Perera,10F,1,Mathematics,44
S058,Ishan Perera,10F,1,Science,60
S058,Ishan Perera,10F,1,English,66
S058,Ishan Perera,10F,1,ICT,50
S058,Ishan Perera,10F,1,History,50
S058,Ishan Perera,10F,1,Sinhala,59
S058,Ishan Perera,10F,2,Mathematics,61
S058,Ishan Perera,10F,2,Science,68
S058,Ishan Perera,10F,2,English,72
S058,Ishan Perera,10F,2,ICT,63
S058,Ishan Perera,10F,2,History,60
S058,Ishan Perera,10F,2,Sinhala,63
S059,Uvindu de Silva,10F,1,Mathematics,35
S059,Uvindu de Silva,10F,1,Science,36
S059,Uvindu de Silva,10F,1,English,26
S059,Uvindu de Silva,10F,1,ICT,38
S059,Uvindu de Silva,10F,1,History,40
S059,Uvindu de Silva,10F,1,Sinhala,30
S059,Uvindu de Silva,10F,2,Mathematics,31
S059,Uvindu de Silva,10F,2,Science,31
S059,Uvindu de Silva,10F,2,English,30
S059,Uvindu de Silva,10F,2,ICT,33
S059,Uvindu de Silva,10F,2,History,38
S059,Uvindu de Silva,10F,2,Sinhala,26
S060,Nadun Gomes,10B,1,Mathematics,63
S060,Nadun Gomes,10B,1,Science,62
S060,Nadun Gomes,10B,1,English,63
S060,Nadun Gomes,10B,1,ICT,59
S060,Nadun Gomes,10B,1,History,63
S060,Nadun Gomes,10B,1,Sinhala,71
S060,Nadun Gomes,10B,2,Mathematics,70
S060,Nadun Gomes,10B,2,Science,69
S060,Nadun Gomes,10B,2,English,67
S060,Nadun Gomes,10B,2,ICT,73
S060,Nadun Gomes,10B,2,History,67
S060,Nadun Gomes,10B,2,Sinhala,69
S061,Radith Costa,10B,1,Mathematics,70
S061,Radith Costa,10B,1,Science,70
S061,Radith Costa,10B,1,English,70
S061,Radith Costa,10B,1,ICT,68
S061,Radith Costa,10B,1,History,70
S061,Radith Costa,10B,1,Sinhala,69
S061,Radith Costa,10B,2,Mathematics,60
S061,Radith Costa,10B,2,Science,53
S061,Radith Costa,10B,2,English,61
S061,Radith Costa,10B,2,ICT,59
S061,Radith Costa,10B,2,History,54
S061,Radith Costa,10B,2,Sinhala,62
S062,Sashen Rodrigo,10B,1,Mathematics,73
S062,Sashen Rodrigo,10B,1,Science,74
S062,Sashen Rodrigo,10B,1,English,68
S062,Sashen Rodrigo,10B,1,ICT,75
S062,Sashen Rodrigo,10B,1,History,74
S062,Sashen Rodrigo,10B,1,Sinhala,65
S062,Sashen Rodrigo,10B,2,Mathematics,76
S062,Sashen Rodrigo,10B,2,Science,79
S062,Sashen Rodrigo,10B,2,English,71
S062,Sashen Rodrigo,10B,2,ICT,82
S062,Sashen Rodrigo,10B,2,History,87
S062,Sashen Rodrigo,10B,2,Sinhala,85
S063,Dasun Silva,10F,1,Mathematics,86
S063,Dasun Silva,10F,1,Science,86
S063,Dasun Silva,10F,1,English,85
S063,Dasun Silva,10F,1,ICT,77
S063,Dasun Silva,10F,1,History,72
S063,Dasun Silva,10F,1,Sinhala,86
S063,Dasun Silva,10F,2,Mathematics,64
S063,Dasun Silva,10F,2,Science,66
S063,Dasun Silva,10F,2,English,61
S063,Dasun Silva,10F,2,ICT,61
S063,Dasun Silva,10F,2,History,69
S063,Dasun Silva,10F,2,Sinhala,71
S064,Thineth Silva,10C,1,Mathematics,41
S064,Thineth Silva,10C,1,Science,45
S064,Thineth Silva,10C,1,English,49
S064,Thineth Silva,10C,1,ICT,42
S064,Thineth Silva,10C,1,History,48
S064,Thineth Silva,10C,1,Sinhala,47
S064,Thineth Silva,10C,2,Mathematics,37
S064,Thineth Silva,10C,2,Science,53
S064,Thineth Silva,10C,2,English,45
S064,Thineth Silva,10C,2,ICT,41
S064,Thineth Silva,10C,2,History,57
S064,Thineth Silva,10C,2,Sinhala,50
S065,Radith Rodrigo,10C,1,Mathematics,67
S065,Radith Rodrigo,10C,1,Science,64
S065,Radith Rodrigo,10C,1,English,68
S065,Radith Rodrigo,10C,1,ICT,63
S065,Radith Rodrigo,10C,1,History,62
S065,Radith Rodrigo,10C,1,Sinhala,68
S065,Radith Rodrigo,10C,2,Mathematics,56
S065,Radith Rodrigo,10C,2,Science,44
S065,Radith Rodrigo,10C,2,English,50
S065,Radith Rodrigo,10C,2,ICT,53
S065,Radith Rodrigo,10C,2,History,41
S065,Radith Rodrigo,10C,2,Sinhala,52
S066,Pasan Costa,10D,1,Mathematics,82
S066,Pasan Costa,10D,1,Science,83
S066,Pasan Costa,10D,1,English,96
S066,Pasan Costa,10D,1,ICT,98
S066,Pasan Costa,10D,1,History,94
S066,Pasan Costa,10D,1,Sinhala,100
S066,Pasan Costa,10D,2,Mathematics,93
S066,Pasan Costa,10D,2,Science,100
S066,Pasan Costa,10D,2,English,100
S066,Pasan Costa,10D,2,ICT,100
S066,Pasan Costa,10D,2,History,100
S066,Pasan Costa,10D,2,Sinhala,100
S067,Radith Abrew,10A,1,Mathematics,54
S067,Radith Abrew,10A,1,Science,50
S067,Radith Abrew,10A,1,English,52
S067,Radith Abrew,10A,1,ICT,56
S067,Radith Abrew,10A,1,History,51
S067,Radith Abrew,10A,1,Sinhala,61
S067,Radith Abrew,10A,2,Mathematics,52
S067,Radith Abrew,10A,2,Science,50
S067,Radith Abrew,10A,2,English,48
S067,Radith Abrew,10A,2,ICT,57
S067,Radith Abrew,10A,2,History,48
S067,Radith Abrew,10A,2,Sinhala,64
S068,Janith Thabrew,10A,1,Mathematics,57
S068,Janith Thabrew,10A,1,Science,61
S068,Janith Thabrew,10A,1,English,51
S068,Janith Thabrew,10A,1,ICT,69
S068,Janith Thabrew,10A,1,History,55
S068,Janith Thabrew,10A,1,Sinhala,47
S068,Janith Thabrew,10A,2,Mathematics,60
S068,Janith Thabrew,10A,2,Science,57
S068,Janith Thabrew,10A,2,English,56
S068,Janith Thabrew,10A,2,ICT,63
S068,Janith Thabrew,10A,2,History,54
S068,Janith Thabrew,10A,2,Sinhala,51
S069,Eshan Alwis,10C,1,Mathematics,57
S069,Eshan Alwis,10C,1,Science,61
S069,Eshan Alwis,10C,1,English,63
S069,Eshan Alwis,10C,1,ICT,75
S069,Eshan Alwis,10C,1,History,66
S069,Eshan Alwis,10C,1,Sinhala,63
S069,Eshan Alwis,10C,2,Mathematics,41
S069,Eshan Alwis,10C,2,Science,46
S069,Eshan Alwis,10C,2,English,55
S069,Eshan Alwis,10C,2,ICT,58
S069,Eshan Alwis,10C,2,History,60
S069,Eshan Alwis,10C,2,Sinhala,47
S070,Ometh Thabrew,10A,1,Mathematics,73
S070,Ometh Thabrew,10A,1,Science,68
S070,Ometh Thabrew,10A,1,English,68
S070,Ometh Thabrew,10A,1,ICT,69
S070,Ometh Thabrew,10A,1,History,76
S070,Ometh Thabrew,10A,1,Sinhala,69
S070,Ometh Thabrew,10A,2,Mathematics,75
S070,Ometh Thabrew,10A,2,Science,63
S070,Ometh Thabrew,10A,2,English,62
S070,Ometh Thabrew,10A,2,ICT,69
S070,Ometh Thabrew,10A,2,History,76
S070,Ometh Thabrew,10A,2,Sinhala,70
S071,Charith Thabrew,10D,1,Mathematics,61
S071,Charith Thabrew,10D,1,Science,56
S071,Charith Thabrew,10D,1,English,56
S071,Charith Thabrew,10D,1,ICT,61
S071,Charith Thabrew,10D,1,History,60
S071,Charith Thabrew,10D,1,Sinhala,56
S071,Charith Thabrew,10D,2,Mathematics,50
S071,Charith Thabrew,10D,2,Science,46
S071,Charith Thabrew,10D,2,English,54
S071,Charith Thabrew,10D,2,ICT,54
S071,Charith Thabrew,10D,2,History,59
S071,Charith Thabrew,10D,2,Sinhala,56
S072,Janith Abrew,10C,1,Mathematics,76
S072,Janith Abrew,10C,1,Science,78
S072,Janith Abrew,10C,1,English,70
S072,Janith Abrew,10C,1,ICT,73
S072,Janith Abrew,10C,1,History,81
S072,Janith Abrew,10C,1,Sinhala,88
S072,Janith Abrew,10C,2,Mathematics,77
S072,Janith Abrew,10C,2,Science,75
S072,Janith Abrew,10C,2,English,69
S072,Janith Abrew,10C,2,ICT,83
S072,Janith Abrew,10C,2,History,74
S072,Janith Abrew,10C,2,Sinhala,79
S073,Uvindu Perera,10B,1,Mathematics,62
S073,Uvindu Perera,10B,1,Science,52
S073,Uvindu Perera,10B,1,English,54
S073,Uvindu Perera,10B,1,ICT,52
S073,Uvindu Perera,10B,1,History,43
S073,Uvindu Perera,10B,1,Sinhala,60
S073,Uvindu Perera,10B,2,Mathematics,60
S073,Uvindu Perera,10B,2,Science,53
S073,Uvindu Perera,10B,2,English,55
S073,Uvindu Perera,10B,2,ICT,58
S073,Uvindu Perera,10B,2,History,47
S073,Uvindu Perera,10B,2,Sinhala,55
S074,Uvindu Silva,10F,1,Mathematics,59
S074,Uvindu Silva,10F,1,Science,67
S074,Uvindu Silva,10F,1,English,66
S074,Uvindu Silva,10F,1,ICT,79
S074,Uvindu Silva,10F,1,History,67
S074,Uvindu Silva,10F,1,Sinhala,66
S074,Uvindu Silva,10F,2,Mathematics,66
S074,Uvindu Silva,10F,2,Science,75
S074,Uvindu Silva,10F,2,English,68
S074,Uvindu Silva,10F,2,ICT,75
S074,Uvindu Silva,10F,2,History,70
S074,Uvindu Silva,10F,2,Sinhala,69
S075,Radith Fernando,10B,1,Mathematics,64
S075,Radith Fernando,10B,1,Science,84
S075,Radith Fernando,10B,1,English,78
S075,Radith Fernando,10B,1,ICT,69
S075,Radith Fernando,10B,1,History,73
S075,Radith Fernando,10B,1,Sinhala,78
S075,Radith Fernando,10B,2,Mathematics,69
S075,Radith Fernando,10B,2,Science,89
S075,Radith Fernando,10B,2,English,86
S075,Radith Fernando,10B,2,ICT,75
S075,Radith Fernando,10B,2,History,78
S075,Radith Fernando,10B,2,Sinhala,80
S076,Ashan Gomes,10F,1,Mathematics,53
S076,Ashan Gomes,10F,1,Science,48
S076,Ashan Gomes,10F,1,English,70
S076,Ashan Gomes,10F,1,ICT,57
S076,Ashan Gomes,10F,1,History,61
S076,Ashan Gomes,10F,1,Sinhala,60
S076,Ashan Gomes,10F,2,Mathematics,53
S076,Ashan Gomes,10F,2,Science,61
S076,Ashan Gomes,10F,2,English,69
S076,Ashan Gomes,10F,2,ICT,65
S076,Ashan Gomes,10F,2,History,58
S076,Ashan Gomes,10F,2,Sinhala,50
S077,Janith de Silva,10B,1,Mathematics,50
S077,Janith de Silva,10B,1,Science,51
S077,Janith de Silva,10B,1,English,46
S077,Janith de Silva,10B,1,ICT,49
S077,Janith de Silva,10B,1,History,46
S077,Janith de Silva,10B,1,Sinhala,59
S077,Janith de Silva,10B,2,Mathematics,46
S077,Janith de Silva,10B,2,Science,47
S077,Janith de Silva,10B,2,English,49
S077,Janith de Silva,10B,2,ICT,56
S077,Janith de Silva,10B,2,History,50
S077,Janith de Silva,10B,2,Sinhala,56
S078,Hasith Gomes,10C,1,Mathematics,53
S078,Hasith Gomes,10C,1,Science,64
S078,Hasith Gomes,10C,1,English,70
S078,Hasith Gomes,10C,1,ICT,70
S078,Hasith Gomes,10C,1,History,68
S078,Hasith Gomes,10C,1,Sinhala,63
S078,Hasith Gomes,10C,2,Mathematics,52
S078,Hasith Gomes,10C,2,Science,55
S078,Hasith Gomes,10C,2,English,51
S078,Hasith Gomes,10C,2,ICT,55
S078,Hasith Gomes,10C,2,History,57
S078,Hasith Gomes,10C,2,Sinhala,47
S079,Uvindu Alwis,10C,1,Mathematics,50
S079,Uvindu Alwis,10C,1,Science,67
S079,Uvindu Alwis,10C,1,English,63
S079,Uvindu Alwis,10C,1,ICT,66
S079,Uvindu Alwis,10C,1,History,60
S079,Uvindu Alwis,10C,1,Sinhala,61
S079,Uvindu Alwis,10C,2,Mathematics,57
S079,Uvindu Alwis,10C,2,Science,60
S079,Uvindu Alwis,10C,2,English,68
S079,Uvindu Alwis,10C,2,ICT,60
S079,Uvindu Alwis,10C,2,History,59
S079,Uvindu Alwis,10C,2,Sinhala,70
S080,Lasith Mendis,10A,1,Mathematics,43
S080,Lasith Mendis,10A,1,Science,54
S080,Lasith Mendis,10A,1,English,46
S080,Lasith Mendis,10A,1,ICT,50
S080,Lasith Mendis,10A,1,History,53
S080,Lasith Mendis,10A,1,Sinhala,50
S080,Lasith Mendis,10A,2,Mathematics,34
S080,Lasith Mendis,10A,2,Science,52
S080,Lasith Mendis,10A,2,English,47
S080,Lasith Mendis,10A,2,ICT,52
S080,Lasith Mendis,10A,2,History,52
S080,Lasith Mendis,10A,2,Sinhala,53
S081,Thineth Abrew,10F,1,Mathematics,51
S081,Thineth Abrew,10F,1,Science,63
S081,Thineth Abrew,10F,1,English,53
S081,Thineth Abrew,10F,1,ICT,59
S081,Thineth Abrew,10F,1,History,58
S081,Thineth Abrew,10F,1,Sinhala,52
S081,Thineth Abrew,10F,2,Mathematics,55
S081,Thineth Abrew,10F,2,Science,50
S081,Thineth Abrew,10F,2,English,52
S081,Thineth Abrew,10F,2,ICT,58
S081,Thineth Abrew,10F,2,History,64
S081,Thineth Abrew,10F,2,Sinhala,62
S082,Lasith Silva,10F,1,Mathematics,36
S082,Lasith Silva,10F,1,Science,50
S082,Lasith Silva,10F,1,English,52
S082,Lasith Silva,10F,1,ICT,43
S082,Lasith Silva,10F,1,History,54
S082,Lasith Silva,10F,1,Sinhala,61
S082,Lasith Silva,10F,2,Mathematics,47
S082,Lasith Silva,10F,2,Science,55
S082,Lasith Silva,10F,2,English,62
S082,Lasith Silva,10F,2,ICT,56
S082,Lasith Silva,10F,2,History,60
S082,Lasith Silva,10F,2,Sinhala,60
S083,Lasith Costa,10D,1,Mathematics,54
S083,Lasith Costa,10D,1,Science,64
S083,Lasith Costa,10D,1,English,60
S083,Lasith Costa,10D,1,ICT,71
S083,Lasith Costa,10D,1,History,63
S083,Lasith Costa,10D,1,Sinhala,68
S083,Lasith Costa,10D,2,Mathematics,56
S083,Lasith Costa,10D,2,Science,62
S083,Lasith Costa,10D,2,English,58
S083,Lasith Costa,10D,2,ICT,77
S083,Lasith Costa,10D,2,History,61
S083,Lasith Costa,10D,2,Sinhala,72
S084,Pasan Thabrew,10D,1,Mathematics,76
S084,Pasan Thabrew,10D,1,Science,78
S084,Pasan Thabrew,10D,1,English,80
S084,Pasan Thabrew,10D,1,ICT,84
S084,Pasan Thabrew,10D,1,History,93
S084,Pasan Thabrew,10D,1,Sinhala,79
S084,Pasan Thabrew,10D,2,Mathematics,83
S084,Pasan Thabrew,10D,2,Science,81
S084,Pasan Thabrew,10D,2,English,78
S084,Pasan Thabrew,10D,2,ICT,82
S084,Pasan Thabrew,10D,2,History,82
S084,Pasan Thabrew,10D,2,Sinhala,73
S085,Kasun Nonis,10F,1,Mathematics,57
S085,Kasun Nonis,10F,1,Science,57
S085,Kasun Nonis,10F,1,English,69
S085,Kasun Nonis,10F,1,ICT,64
S085,Kasun Nonis,10F,1,History,68
S085,Kasun Nonis,10F,1,Sinhala,75
S085,Kasun Nonis,10F,2,Mathematics,66
S085,Kasun Nonis,10F,2,Science,59
S085,Kasun Nonis,10F,2,English,72
S085,Kasun Nonis,10F,2,ICT,71
S085,Kasun Nonis,10F,2,History,66
S085,Kasun Nonis,10F,2,Sinhala,82
S086,Pasan Perera,10C,1,Mathematics,43
S086,Pasan Perera,10C,1,Science,52
S086,Pasan Perera,10C,1,English,51
S086,Pasan Perera,10C,1,ICT,56
S086,Pasan Perera,10C,1,History,52
S086,Pasan Perera,10C,1,Sinhala,43
S086,Pasan Perera,10C,2,Mathematics,38
S086,Pasan Perera,10C,2,Science,50
S086,Pasan Perera,10C,2,English,44
S086,Pasan Perera,10C,2,ICT,45
S086,Pasan Perera,10C,2,History,50
S086,Pasan Perera,10C,2,Sinhala,39
S087,Charith Silva,10B,1,Mathematics,39
S087,Charith Silva,10B,1,Science,38
S087,Charith Silva,10B,1,English,45
S087,Charith Silva,10B,1,ICT,42
S087,Charith Silva,10B,1,History,47
S087,Charith Silva,10B,1,Sinhala,38
S087,Charith Silva,10B,2,Mathematics,42
S087,Charith Silva,10B,2,Science,29
S087,Charith Silva,10B,2,English,50
S087,Charith Silva,10B,2,ICT,42
S087,Charith Silva,10B,2,History,38
S087,Charith Silva,10B,2,Sinhala,42
S088,Vimath Rodrigo,10A,1,Mathematics,78
S088,Vimath Rodrigo,10A,1,Science,82
S088,Vimath Rodrigo,10A,1,English,75
S088,Vimath Rodrigo,10A,1,ICT,83
S088,Vimath Rodrigo,10A,1,History,83
S088,Vimath Rodrigo,10A,1,Sinhala,79
S088,Vimath Rodrigo,10A,2,Mathematics,81
S088,Vimath Rodrigo,10A,2,Science,87
S088,Vimath Rodrigo,10A,2,English,89
S088,Vimath Rodrigo,10A,2,ICT,95
S088,Vimath Rodrigo,10A,2,History,96
S088,Vimath Rodrigo,10A,2,Sinhala,88
S089,Vimath de Silva,10A,1,Mathematics,62
S089,Vimath de Silva,10A,1,Science,60
S089,Vimath de Silva,10A,1,English,66
S089,Vimath de Silva,10A,1,ICT,66
S089,Vimath de Silva,10A,1,History,69
S089,Vimath de Silva,10A,1,Sinhala,68
S089,Vimath de Silva,10A,2,Mathematics,52
S089,Vimath de Silva,10A,2,Science,56
S089,Vimath de Silva,10A,2,English,50
S089,Vimath de Silva,10A,2,ICT,64
S089,Vimath de Silva,10A,2,History,75
S089,Vimath de Silva,10A,2,Sinhala,75
S090,Eshan Mendis,10F,1,Mathematics,77
S090,Eshan Mendis,10F,1,Science,82
S090,Eshan Mendis,10F,1,English,80
S090,Eshan Mendis,10F,1,ICT,87
S090,Eshan Mendis,10F,1,History,93
S090,Eshan Mendis,10F,1,Sinhala,84
S090,Eshan Mendis,10F,2,Mathematics,84
S090,Eshan Mendis,10F,2,Science,87
S090,Eshan Mendis,10F,2,English,98
S090,Eshan Mendis,10F,2,ICT,100
S090,Eshan Mendis,10F,2,History,89
S090,Eshan Mendis,10F,2,Sinhala,99
S091,Maneth Thabrew,10D,1,Mathematics,60
S091,Maneth Thabrew,10D,1,Science,69
S091,Maneth Thabrew,10D,1,English,59
S091,Maneth Thabrew,10D,1,ICT,65
S091,Maneth Thabrew,10D,1,History,66
S091,Maneth Thabrew,10D,1,Sinhala,68
S091,Maneth Thabrew,10D,2,Mathematics,50
S091,Maneth Thabrew,10D,2,Science,57
S091,Maneth Thabrew,10D,2,English,37
S091,Maneth Thabrew,10D,2,ICT,58
S091,Maneth Thabrew,10D,2,History,48
S091,Maneth Thabrew,10D,2,Sinhala,52
S092,Thineth Thabrew,10A,1,Mathematics,84
S092,Thineth Thabrew,10A,1,Science,72
S092,Thineth Thabrew,10A,1,English,90
S092,Thineth Thabrew,10A,1,ICT,86
S092,Thineth Thabrew,10A,1,History,81
S092,Thineth Thabrew,10A,1,Sinhala,86
S092,Thineth Thabrew,10A,2,Mathematics,85
S092,Thineth Thabrew,10A,2,Science,60
S092,Thineth Thabrew,10A,2,English,94
S092,Thineth Thabrew,10A,2,ICT,88
S092,Thineth Thabrew,10A,2,History,82
S092,Thineth Thabrew,10A,2,Sinhala,81
S093,Ometh de Silva,10C,1,Mathematics,45
S093,Ometh de Silva,10C,1,Science,39
S093,Ometh de Silva,10C,1,English,45
S093,Ometh de Silva,10C,1,ICT,42
S093,Ometh de Silva,10C,1,History,34
S093,Ometh de Silva,10C,1,Sinhala,42
S093,Ometh de Silva,10C,2,Mathematics,46
S093,Ometh de Silva,10C,2,Science,42
S093,Ometh de Silva,10C,2,English,49
S093,Ometh de Silva,10C,2,ICT,45
S093,Ometh de Silva,10C,2,History,40
S093,Ometh de Silva,10C,2,Sinhala,47
S094,Gihan Almeida,10D,1,Mathematics,37
S094,Gihan Almeida,10D,1,Science,50
S094,Gihan Almeida,10D,1,English,48
S094,Gihan Almeida,10D,1,ICT,48
S094,Gihan Almeida,10D,1,History,54
S094,Gihan Almeida,10D,1,Sinhala,54
S094,Gihan Almeida,10D,2,Mathematics,38
S094,Gihan Almeida,10D,2,Science,46
S094,Gihan Almeida,10D,2,English,45
S094,Gihan Almeida,10D,2,ICT,47
S094,Gihan Almeida,10D,2,History,54
S094,Gihan Almeida,10D,2,Sinhala,49
S095,Dasun Mendis,10C,1,Mathematics,10
S095,Dasun Mendis,10C,1,Science,34
S095,Dasun Mendis,10C,1,English,35
S095,Dasun Mendis,10C,1,ICT,41
S095,Dasun Mendis,10C,1,History,35
S095,Dasun Mendis,10C,1,Sinhala,37
S095,Dasun Mendis,10C,2,Mathematics,23
S095,Dasun Mendis,10C,2,Science,27
S095,Dasun Mendis,10C,2,English,27
S095,Dasun Mendis,10C,2,ICT,35
S095,Dasun Mendis,10C,2,History,36
S095,Dasun Mendis,10C,2,Sinhala,48
S096,Kasun Rodrigo,10A,1,Mathematics,63
S096,Kasun Rodrigo,10A,1,Science,66
S096,Kasun Rodrigo,10A,1,English,60
S096,Kasun Rodrigo,10A,1,ICT,69
S096,Kasun Rodrigo,10A,1,History,70
S096,Kasun Rodrigo,10A,1,Sinhala,64
S096,Kasun Rodrigo,10A,2,Mathematics,60
S096,Kasun Rodrigo,10A,2,Science,65
S096,Kasun Rodrigo,10A,2,English,56
S096,Kasun Rodrigo,10A,2,ICT,65
S096,Kasun Rodrigo,10A,2,History,65
S096,Kasun Rodrigo,10A,2,Sinhala,71
S097,Hasith Silva,10A,1,Mathematics,70
S097,Hasith Silva,10A,1,Science,72
S097,Hasith Silva,10A,1,English,70
S097,Hasith Silva,10A,1,ICT,76
S097,Hasith Silva,10A,1,History,68
S097,Hasith Silva,10A,1,Sinhala,70
S097,Hasith Silva,10A,2,Mathematics,61
S097,Hasith Silva,10A,2,Science,66
S097,Hasith Silva,10A,2,English,67
S097,Hasith Silva,10A,2,ICT,75
S097,Hasith Silva,10A,2,History,65
S097,Hasith Silva,10A,2,Sinhala,67
S098,Sashen Silva,10B,1,Mathematics,51
S098,Sashen Silva,10B,1,Science,46
S098,Sashen Silva,10B,1,English,45
S098,Sashen Silva,10B,1,ICT,48
S098,Sashen Silva,10B,1,History,52
S098,Sashen Silva,10B,1,Sinhala,51
S098,Sashen Silva,10B,2,Mathematics,42
S098,Sashen Silva,10B,2,Science,30
S098,Sashen Silva,10B,2,English,26
S098,Sashen Silva,10B,2,ICT,45
S098,Sashen Silva,10B,2,History,39
S098,Sashen Silva,10B,2,Sinhala,37
S099,Gihan Nonis,10E,1,Mathematics,61
S099,Gihan Nonis,10E,1,Science,50
S099,Gihan Nonis,10E,1,English,68
S099,Gihan Nonis,10E,1,ICT,58
S099,Gihan Nonis,10E,1,History,62
S099,Gihan Nonis,10E,1,Sinhala,57
S099,Gihan Nonis,10E,2,Mathematics,43
S099,Gihan Nonis,10E,2,Science,46
S099,Gihan Nonis,10E,2,English,68
S099,Gihan Nonis,10E,2,ICT,55
S099,Gihan Nonis,10E,2,History,55
S099,Gihan Nonis,10E,2,Sinhala,52
S100,Lasith Abrew,10B,1,Mathematics,67
S100,Lasith Abrew,10B,1,Science,62
S100,Lasith Abrew,10B,1,English,68
S100,Lasith Abrew,10B,1,ICT,68
S100,Lasith Abrew,10B,1,History,69
S100,Lasith Abrew,10B,1,Sinhala,75
S100,Lasith Abrew,10B,2,Mathematics,67
S100,Lasith Abrew,10B,2,Science,62
S100,Lasith Abrew,10B,2,English,78
S100,Lasith Abrew,10B,2,ICT,79
S100,Lasith Abrew,10B,2,History,77
S100,Lasith Abrew,10B,2,Sinhala,78
S101,Hasith Mendis,10C,1,Mathematics,52
S101,Hasith Mendis,10C,1,Science,44
S101,Hasith Mendis,10C,1,English,42
S101,Hasith Mendis,10C,1,ICT,50
S101,Hasith Mendis,10C,1,History,44
S101,Hasith Mendis,10C,1,Sinhala,50
S101,Hasith Mendis,10C,2,Mathematics,65
S101,Hasith Mendis,10C,2,Science,53
S101,Hasith Mendis,10C,2,English,50
S101,Hasith Mendis,10C,2,ICT,61
S101,Hasith Mendis,10C,2,History,55
S101,Hasith Mendis,10C,2,Sinhala,63
S102,Pasan Alwis,10D,1,Mathematics,34
S102,Pasan Alwis,10D,1,Science,48
S102,Pasan Alwis,10D,1,English,33
S102,Pasan Alwis,10D,1,ICT,46
S102,Pasan Alwis,10D,1,History,54
S102,Pasan Alwis,10D,1,Sinhala,49
S102,Pasan Alwis,10D,2,Mathematics,50
S102,Pasan Alwis,10D,2,Science,51
S102,Pasan Alwis,10D,2,English,50
S102,Pasan Alwis,10D,2,ICT,64
S102,Pasan Alwis,10D,2,History,50
S102,Pasan Alwis,10D,2,Sinhala,68
S103,Pasan Fernando,10C,1,Mathematics,54
S103,Pasan Fernando,10C,1,Science,54
S103,Pasan Fernando,10C,1,English,56
S103,Pasan Fernando,10C,1,ICT,56
S103,Pasan Fernando,10C,1,History,66
S103,Pasan Fernando,10C,1,Sinhala,65
S103,Pasan Fernando,10C,2,Mathematics,43
S103,Pasan Fernando,10C,2,Science,37
S103,Pasan Fernando,10C,2,English,43
S103,Pasan Fernando,10C,2,ICT,44
S103,Pasan Fernando,10C,2,History,53
S103,Pasan Fernando,10C,2,Sinhala,50
S104,Ometh Perera,10D,1,Mathematics,87
S104,Ometh Perera,10D,1,Science,75
S104,Ometh Perera,10D,1,English,82
S104,Ometh Perera,10D,1,ICT,85
S104,Ometh Perera,10D,1,History,84
S104,Ometh Perera,10D,1,Sinhala,81
S104,Ometh Perera,10D,2,Mathematics,69
S104,Ometh Perera,10D,2,Science,74
S104,Ometh Perera,10D,2,English,82
S104,Ometh Perera,10D,2,ICT,78
S104,Ometh Perera,10D,2,History,66
S104,Ometh Perera,10D,2,Sinhala,79
S105,Gihan Fernando,10A,1,Mathematics,59
S105,Gihan Fernando,10A,1,Science,56
S105,Gihan Fernando,10A,1,English,64
S105,Gihan Fernando,10A,1,ICT,62
S105,Gihan Fernando,10A,1,History,72
S105,Gihan Fernando,10A,1,Sinhala,57
S105,Gihan Fernando,10A,2,Mathematics,65
S105,Gihan Fernando,10A,2,Science,52
S105,Gihan Fernando,10A,2,English,59
S105,Gihan Fernando,10A,2,ICT,52
S105,Gihan Fernando,10A,2,History,62
S105,Gihan Fernando,10A,2,Sinhala,65
S106,Kasun Abrew,10A,1,Mathematics,74
S106,Kasun Abrew,10A,1,Science,77
S106,Kasun Abrew,10A,1,English,84
S106,Kasun Abrew,10A,1,ICT,83
S106,Kasun Abrew,10A,1,History,90
S106,Kasun Abrew,10A,1,Sinhala,83
S106,Kasun Abrew,10A,2,Mathematics,96
S106,Kasun Abrew,10A,2,Science,90
S106,Kasun Abrew,10A,2,English,84
S106,Kasun Abrew,10A,2,ICT,91
S106,Kasun Abrew,10A,2,History,91
S106,Kasun Abrew,10A,2,Sinhala,96
S107,Charith Rodrigo,10C,1,Mathematics,50
S107,Charith Rodrigo,10C,1,Science,61
S107,Charith Rodrigo,10C,1,English,72
S107,Charith Rodrigo,10C,1,ICT,62
S107,Charith Rodrigo,10C,1,History,62
S107,Charith Rodrigo,10C,1,Sinhala,73
S107,Charith Rodrigo,10C,2,Mathematics,78
S107,Charith Rodrigo,10C,2,Science,76
S107,Charith Rodrigo,10C,2,English,78
S107,Charith Rodrigo,10C,2,ICT,85
S107,Charith Rodrigo,10C,2,History,84
S107,Charith Rodrigo,10C,2,Sinhala,88
S108,Binura Mendis,10F,1,Mathematics,58
S108,Binura Mendis,10F,1,Science,63
S108,Binura Mendis,10F,1,English,75
S108,Binura Mendis,10F,1,ICT,82
S108,Binura Mendis,10F,1,History,74
S108,Binura Mendis,10F,1,Sinhala,69
S108,Binura Mendis,10F,2,Mathematics,59
S108,Binura Mendis,10F,2,Science,62
S108,Binura Mendis,10F,2,English,63
S108,Binura Mendis,10F,2,ICT,74
S108,Binura Mendis,10F,2,History,69
S108,Binura Mendis,10F,2,Sinhala,69
S109,Eshan Almeida,10D,1,Mathematics,36
S109,Eshan Almeida,10D,1,Science,43
S109,Eshan Almeida,10D,1,English,31
S109,Eshan Almeida,10D,1,ICT,37
S109,Eshan Almeida,10D,1,History,38
S109,Eshan Almeida,10D,1,Sinhala,45
S109,Eshan Almeida,10D,2,Mathematics,48
S109,Eshan Almeida,10D,2,Science,52
S109,Eshan Almeida,10D,2,English,43
S109,Eshan Almeida,10D,2,ICT,50
S109,Eshan Almeida,10D,2,History,52
S109,Eshan Almeida,10D,2,Sinhala,57
S110,Eshan Perera,10D,1,Mathematics,63
S110,Eshan Perera,10D,1,Science,64
S110,Eshan Perera,10D,1,English,68
S110,Eshan Perera,10D,1,ICT,72
S110,Eshan Perera,10D,1,History,75
S110,Eshan Perera,10D,1,Sinhala,74
S110,Eshan Perera,10D,2,Mathematics,67
S110,Eshan Perera,10D,2,Science,61
S110,Eshan Perera,10D,2,English,69
S110,Eshan Perera,10D,2,ICT,73
S110,Eshan Perera,10D,2,History,68
S110,Eshan Perera,10D,2,Sinhala,71
S111,Gihan Gomes,10B,1,Mathematics,38
S111,Gihan Gomes,10B,1,Science,31
S111,Gihan Gomes,10B,1,English,33
S111,Gihan Gomes,10B,1,ICT,45
S111,Gihan Gomes,10B,1,History,46
S111,Gihan Gomes,10B,1,Sinhala,40
S111,Gihan Gomes,10B,2,Mathematics,44
S111,Gihan Gomes,10B,2,Science,43
S111,Gihan Gomes,10B,2,English,45
S111,Gihan Gomes,10B,2,ICT,49
S111,Gihan Gomes,10B,2,History,49
S111,Gihan Gomes,10B,2,Sinhala,40
S112,Janith Alles,10C,1,Mathematics,60
S112,Janith Alles,10C,1,Science,54
S112,Janith Alles,10C,1,English,63
S112,Janith Alles,10C,1,ICT,71
S112,Janith Alles,10C,1,History,50
S112,Janith Alles,10C,1,Sinhala,61
S112,Janith Alles,10C,2,Mathematics,50
S112,Janith Alles,10C,2,Science,54
S112,Janith Alles,10C,2,English,57
S112,Janith Alles,10C,2,ICT,59
S112,Janith Alles,10C,2,History,58
S112,Janith Alles,10C,2,Sinhala,59
S113,Radith Silva,10F,1,Mathematics,67
S113,Radith Silva,10F,1,Science,58
S113,Radith Silva,10F,1,English,70
S113,Radith Silva,10F,1,ICT,73
S113,Radith Silva,10F,1,History,62
S113,Radith Silva,10F,1,Sinhala,70
S113,Radith Silva,10F,2,Mathematics,70
S113,Radith Silva,10F,2,Science,66
S113,Radith Silva,10F,2,English,72
S113,Radith Silva,10F,2,ICT,71
S113,Radith Silva,10F,2,History,71
S113,Radith Silva,10F,2,Sinhala,71
S114,Nadun Abrew,10D,1,Mathematics,75
S114,Nadun Abrew,10D,1,Science,65
S114,Nadun Abrew,10D,1,English,71
S114,Nadun Abrew,10D,1,ICT,68
S114,Nadun Abrew,10D,1,History,75
S114,Nadun Abrew,10D,1,Sinhala,74
S114,Nadun Abrew,10D,2,Mathematics,58
S114,Nadun Abrew,10D,2,Science,59
S114,Nadun Abrew,10D,2,English,56
S114,Nadun Abrew,10D,2,ICT,49
S114,Nadun Abrew,10D,2,History,67
S114,Nadun Abrew,10D,2,Sinhala,67
S115,Lasith Alles,10B,1,Mathematics,44
S115,Lasith Alles,10B,1,Science,39
S115,Lasith Alles,10B,1,English,48
S115,Lasith Alles,10B,1,ICT,55
S115,Lasith Alles,10B,1,History,42
S115,Lasith Alles,10B,1,Sinhala,45
S115,Lasith Alles,10B,2,Mathematics,55
S115,Lasith Alles,10B,2,Science,53
S115,Lasith Alles,10B,2,English,55
S115,Lasith Alles,10B,2,ICT,61
S115,Lasith Alles,10B,2,History,56
S115,Lasith Alles,10B,2,Sinhala,48
S116,Uvindu Almeida,10D,1,Mathematics,89
S116,Uvindu Almeida,10D,1,Science,87
S116,Uvindu Almeida,10D,1,English,87
S116,Uvindu Almeida,10D,1,ICT,99
S116,Uvindu Almeida,10D,1,History,82
S116,Uvindu Almeida,10D,1,Sinhala,96
S116,Uvindu Almeida,10D,2,Mathematics,94
S116,Uvindu Almeida,10D,2,Science,100
S116,Uvindu Almeida,10D,2,English,100
S116,Uvindu Almeida,10D,2,ICT,99
S116,Uvindu Almeida,10D,2,History,95
S116,Uvindu Almeida,10D,2,Sinhala,100
S117,Ometh Gomes,10E,1,Mathematics,77
S117,Ometh Gomes,10E,1,Science,79
S117,Ometh Gomes,10E,1,English,78
S117,Ometh Gomes,10E,1,ICT,85
S117,Ometh Gomes,10E,1,History,82
S117,Ometh Gomes,10E,1,Sinhala,85
S117,Ometh Gomes,10E,2,Mathematics,67
S117,Ometh Gomes,10E,2,Science,69
S117,Ometh Gomes,10E,2,English,61
S117,Ometh Gomes,10E,2,ICT,72
S117,Ometh Gomes,10E,2,History,82
S117,Ometh Gomes,10E,2,Sinhala,77
S118,Hasith de Silva,10B,1,Mathematics,36
S118,Hasith de Silva,10B,1,Science,42
S118,Hasith de Silva,10B,1,English,47
S118,Hasith de Silva,10B,1,ICT,61
S118,Hasith de Silva,10B,1,History,46
S118,Hasith de Silva,10B,1,Sinhala,45
S118,Hasith de Silva,10B,2,Mathematics,50
S118,Hasith de Silva,10B,2,Science,57
S118,Hasith de Silva,10B,2,English,58
S118,Hasith de Silva,10B,2,ICT,61
S118,Hasith de Silva,10B,2,History,62
S118,Hasith de Silva,10B,2,Sinhala,51
S119,Pasan Gomes,10E,1,Mathematics,44
S119,Pasan Gomes,10E,1,Science,49
S119,Pasan Gomes,10E,1,English,49
S119,Pasan Gomes,10E,1,ICT,54
S119,Pasan Gomes,10E,1,History,63
S119,Pasan Gomes,10E,1,Sinhala,61
S119,Pasan Gomes,10E,2,Mathematics,43
S119,Pasan Gomes,10E,2,Science,54
S119,Pasan Gomes,10E,2,English,56
S119,Pasan Gomes,10E,2,ICT,65
S119,Pasan Gomes,10E,2,History,49
S119,Pasan Gomes,10E,2,Sinhala,50
S120,Thineth Alwis,10E,1,Mathematics,40
S120,Thineth Alwis,10E,1,Science,42
S120,Thineth Alwis,10E,1,English,44
S120,Thineth Alwis,10E,1,ICT,37
S120,Thineth Alwis,10E,1,History,42
S120,Thineth Alwis,10E,1,Sinhala,51
S120,Thineth Alwis,10E,2,Mathematics,39
S120,Thineth Alwis,10E,2,Science,32
S120,Thineth Alwis,10E,2,English,39
S120,Thineth Alwis,10E,2,ICT,25
S120,Thineth Alwis,10E,2,History,37
S120,Thineth Alwis,10E,2,Sinhala,40
S121,Janith Fernando,10F,1,Mathematics,78
S121,Janith Fernando,10F,1,Science,82
S121,Janith Fernando,10F,1,English,79
S121,Janith Fernando,10F,1,ICT,84
S121,Janith Fernando,10F,1,History,85
S121,Janith Fernando,10F,1,Sinhala,84
S121,Janith Fernando,10F,2,Mathematics,80
S121,Janith Fernando,10F,2,Science,84
S121,Janith Fernando,10F,2,English,85
S121,Janith Fernando,10F,2,ICT,86
S121,Janith Fernando,10F,2,History,92
S121,Janith Fernando,10F,2,Sinhala,76
S122,Ashan Almeida,10E,1,Mathematics,57
S122,Ashan Almeida,10E,1,Science,56
S122,Ashan Almeida,10E,1,English,63
S122,Ashan Almeida,10E,1,ICT,63
S122,Ashan Almeida,10E,1,History,67
S122,Ashan Almeida,10E,1,Sinhala,57
S122,Ashan Almeida,10E,2,Mathematics,68
S122,Ashan Almeida,10E,2,Science,75
S122,Ashan Almeida,10E,2,English,72
S122,Ashan Almeida,10E,2,ICT,70
S122,Ashan Almeida,10E,2,History,72
S122,Ashan Almeida,10E,2,Sinhala,71
S123,Janith Silva,10D,1,Mathematics,86
S123,Janith Silva,10D,1,Science,85
S123,Janith Silva,10D,1,English,89
S123,Janith Silva,10D,1,ICT,90
S123,Janith Silva,10D,1,History,92
S123,Janith Silva,10D,1,Sinhala,90
S123,Janith Silva,10D,2,Mathematics,100
S123,Janith Silva,10D,2,Science,100
S123,Janith Silva,10D,2,English,100
S123,Janith Silva,10D,2,ICT,100
S123,Janith Silva,10D,2,History,99
S123,Janith Silva,10D,2,Sinhala,100
S124,Eshan Thabrew,10C,1,Mathematics,53
S124,Eshan Thabrew,10C,1,Science,62
S124,Eshan Thabrew,10C,1,English,60
S124,Eshan Thabrew,10C,1,ICT,63
S124,Eshan Thabrew,10C,1,History,56
S124,Eshan Thabrew,10C,1,Sinhala,64
S124,Eshan Thabrew,10C,2,Mathematics,49
S124,Eshan Thabrew,10C,2,Science,57
S124,Eshan Thabrew,10C,2,English,56
S124,Eshan Thabrew,10C,2,ICT,59
S124,Eshan Thabrew,10C,2,History,51
S124,Eshan Thabrew,10C,2,Sinhala,50
S125,Uvindu Abrew,10E,1,Mathematics,63
S125,Uvindu Abrew,10E,1,Science,67
S125,Uvindu Abrew,10E,1,English,60
S125,Uvindu Abrew,10E,1,ICT,67
S125,Uvindu Abrew,10E,1,History,67
S125,Uvindu Abrew,10E,1,Sinhala,66
S125,Uvindu Abrew,10E,2,Mathematics,64
S125,Uvindu Abrew,10E,2,Science,69
S125,Uvindu Abrew,10E,2,English,68
S125,Uvindu Abrew,10E,2,ICT,75
S125,Uvindu Abrew,10E,2,History,65
S125,Uvindu Abrew,10E,2,Sinhala,77
S126,Charith Perera,10B,1,Mathematics,52
S126,Charith Perera,10B,1,Science,59
S126,Charith Perera,10B,1,English,52
S126,Charith Perera,10B,1,ICT,53
S126,Charith Perera,10B,1,History,58
S126,Charith Perera,10B,1,Sinhala,56
S126,Charith Perera,10B,2,Mathematics,52
S126,Charith Perera,10B,2,Science,57
S126,Charith Perera,10B,2,English,55
S126,Charith Perera,10B,2,ICT,62
S126,Charith Perera,10B,2,History,56
S126,Charith Perera,10B,2,Sinhala,55
S127,Ashan Costa,10A,1,Mathematics,82
S127,Ashan Costa,10A,1,Science,73
S127,Ashan Costa,10A,1,English,92
S127,Ashan Costa,10A,1,ICT,87
S127,Ashan Costa,10A,1,History,88
S127,Ashan Costa,10A,1,Sinhala,88
S127,Ashan Costa,10A,2,Mathematics,74
S127,Ashan Costa,10A,2,Science,65
S127,Ashan Costa,10A,2,English,71
S127,Ashan Costa,10A,2,ICT,75
S127,Ashan Costa,10A,2,History,84
S127,Ashan Costa,10A,2,Sinhala,73
S128,Eshan Silva,10E,1,Mathematics,88
S128,Eshan Silva,10E,1,Science,86
S128,Eshan Silva,10E,1,English,93
S128,Eshan Silva,10E,1,ICT,99
S128,Eshan Silva,10E,1,History,97
S128,Eshan Silva,10E,1,Sinhala,94
S128,Eshan Silva,10E,2,Mathematics,88
S128,Eshan Silva,10E,2,Science,85
S128,Eshan Silva,10E,2,English,74
S128,Eshan Silva,10E,2,ICT,92
S128,Eshan Silva,10E,2,History,94
S128,Eshan Silva,10E,2,Sinhala,86
S129,Gihan Rodrigo,10F,1,Mathematics,59
S129,Gihan Rodrigo,10F,1,Science,75
S129,Gihan Rodrigo,10F,1,English,75
S129,Gihan Rodrigo,10F,1,ICT,65
S129,Gihan Rodrigo,10F,1,History,71
S129,Gihan Rodrigo,10F,1,Sinhala,67
S129,Gihan Rodrigo,10F,2,Mathematics,64
S129,Gihan Rodrigo,10F,2,Science,75
S129,Gihan Rodrigo,10F,2,English,72
S129,Gihan Rodrigo,10F,2,ICT,70
S129,Gihan Rodrigo,10F,2,History,65
S129,Gihan Rodrigo,10F,2,Sinhala,67
S130,Maneth Nonis,10C,1,Mathematics,44
S130,Maneth Nonis,10C,1,Science,50
S130,Maneth Nonis,10C,1,English,48
S130,Maneth Nonis,10C,1,ICT,49
S130,Maneth Nonis,10C,1,History,45
S130,Maneth Nonis,10C,1,Sinhala,47
S130,Maneth Nonis,10C,2,Mathematics,42
S130,Maneth Nonis,10C,2,Science,46
S130,Maneth Nonis,10C,2,English,41
S130,Maneth Nonis,10C,2,ICT,46
S130,Maneth Nonis,10C,2,History,48
S130,Maneth Nonis,10C,2,Sinhala,50
S131,Pasan Nonis,10B,1,Mathematics,64
S131,Pasan Nonis,10B,1,Science,77
S131,Pasan Nonis,10B,1,English,67
S131,Pasan Nonis,10B,1,ICT,67
S131,Pasan Nonis,10B,1,History,66
S131,Pasan Nonis,10B,1,Sinhala,65
S131,Pasan Nonis,10B,2,Mathematics,60
S131,Pasan Nonis,10B,2,Science,59
S131,Pasan Nonis,10B,2,English,65
S131,Pasan Nonis,10B,2,ICT,66
S131,Pasan Nonis,10B,2,History,63
S131,Pasan Nonis,10B,2,Sinhala,66
S132,Ashan Alles,10C,1,Mathematics,54
S132,Ashan Alles,10C,1,Science,68
S132,Ashan Alles,10C,1,English,62
S132,Ashan Alles,10C,1,ICT,59
S132,Ashan Alles,10C,1,History,62
S132,Ashan Alles,10C,1,Sinhala,70
S132,Ashan Alles,10C,2,Mathematics,57
S132,Ashan Alles,10C,2,Science,61
S132,Ashan Alles,10C,2,English,62
S132,Ashan Alles,10C,2,ICT,59
S132,Ashan Alles,10C,2,History,51
S132,Ashan Alles,10C,2,Sinhala,56
S133,Vimath Abrew,10D,1,Mathematics,61
S133,Vimath Abrew,10D,1,Science,52
S133,Vimath Abrew,10D,1,English,59
S133,Vimath Abrew,10D,1,ICT,64
S133,Vimath Abrew,10D,1,History,63
S133,Vimath Abrew,10D,1,Sinhala,65
S133,Vimath Abrew,10D,2,Mathematics,61
S133,Vimath Abrew,10D,2,Science,64
S133,Vimath Abrew,10D,2,English,64
S133,Vimath Abrew,10D,2,ICT,81
S133,Vimath Abrew,10D,2,History,70
S133,Vimath Abrew,10D,2,Sinhala,78
S134,Gihan Costa,10C,1,Mathematics,69
S134,Gihan Costa,10C,1,Science,68
S134,Gihan Costa,10C,1,English,68
S134,Gihan Costa,10C,1,ICT,76
S134,Gihan Costa,10C,1,History,76
S134,Gihan Costa,10C,1,Sinhala,77
S134,Gihan Costa,10C,2,Mathematics,56
S134,Gihan Costa,10C,2,Science,62
S134,Gihan Costa,10C,2,English,54
S134,Gihan Costa,10C,2,ICT,68
S134,Gihan Costa,10C,2,History,65
S134,Gihan Costa,10C,2,Sinhala,60
S135,Sashen de Silva,10F,1,Mathematics,52
S135,Sashen de Silva,10F,1,Science,65
S135,Sashen de Silva,10F,1,English,57
S135,Sashen de Silva,10F,1,ICT,56
S135,Sashen de Silva,10F,1,History,54
S135,Sashen de Silva,10F,1,Sinhala,51
S135,Sashen de Silva,10F,2,Mathematics,68
S135,Sashen de Silva,10F,2,Science,71
S135,Sashen de Silva,10F,2,English,72
S135,Sashen de Silva,10F,2,ICT,81
S135,Sashen de Silva,10F,2,History,56
S135,Sashen de Silva,10F,2,Sinhala,77
S136,Sashen Gomes,10A,1,Mathematics,59
S136,Sashen Gomes,10A,1,Science,67
S136,Sashen Gomes,10A,1,English,60
S136,Sashen Gomes,10A,1,ICT,66
S136,Sashen Gomes,10A,1,History,63
S136,Sashen Gomes,10A,1,Sinhala,63
S136,Sashen Gomes,10A,2,Mathematics,72
S136,Sashen Gomes,10A,2,Science,78
S136,Sashen Gomes,10A,2,English,69
S136,Sashen Gomes,10A,2,ICT,75
S136,Sashen Gomes,10A,2,History,74
S136,Sashen Gomes,10A,2,Sinhala,74
S137,Sashen Alles,10B,1,Mathematics,82
S137,Sashen Alles,10B,1,Science,76
S137,Sashen Alles,10B,1,English,76
S137,Sashen Alles,10B,1,ICT,87
S137,Sashen Alles,10B,1,History,85
S137,Sashen Alles,10B,1,Sinhala,87
S137,Sashen Alles,10B,2,Mathematics,88
S137,Sashen Alles,10B,2,Science,89
S137,Sashen Alles,10B,2,English,85
S137,Sashen Alles,10B,2,ICT,93
S137,Sashen Alles,10B,2,History,97
S137,Sashen Alles,10B,2,Sinhala,91
S138,Hasith Alwis,10C,1,Mathematics,67
S138,Hasith Alwis,10C,1,Science,75
S138,Hasith Alwis,10C,1,English,61
S138,Hasith Alwis,10C,1,ICT,79
S138,Hasith Alwis,10C,1,History,63
S138,Hasith Alwis,10C,1,Sinhala,69
S138,Hasith Alwis,10C,2,Mathematics,66
S138,Hasith Alwis,10C,2,Science,61
S138,Hasith Alwis,10C,2,English,58
S138,Hasith Alwis,10C,2,ICT,66
S138,Hasith Alwis,10C,2,History,54
S138,Hasith Alwis,10C,2,Sinhala,63
S139,Maneth Alwis,10D,1,Mathematics,89
S139,Maneth Alwis,10D,1,Science,90
S139,Maneth Alwis,10D,1,English,92
S139,Maneth Alwis,10D,1,ICT,82
S139,Maneth Alwis,10D,1,History,93
S139,Maneth Alwis,10D,1,Sinhala,85
S139,Maneth Alwis,10D,2,Mathematics,76
S139,Maneth Alwis,10D,2,Science,84
S139,Maneth Alwis,10D,2,English,80
S139,Maneth Alwis,10D,2,ICT,76
S139,Maneth Alwis,10D,2,History,74
S139,Maneth Alwis,10D,2,Sinhala,70
S140,Dasun Alwis,10F,1,Mathematics,81
S140,Dasun Alwis,10F,1,Science,72
S140,Dasun Alwis,10F,1,English,92
S140,Dasun Alwis,10F,1,ICT,90
S140,Dasun Alwis,10F,1,History,78
S140,Dasun Alwis,10F,1,Sinhala,81
S140,Dasun Alwis,10F,2,Mathematics,78
S140,Dasun Alwis,10F,2,Science,85
S140,Dasun Alwis,10F,2,English,93
S140,Dasun Alwis,10F,2,ICT,85
S140,Dasun Alwis,10F,2,History,87
S140,Dasun Alwis,10F,2,Sinhala,78
S141,Thineth Perera,10E,1,Mathematics,61
S141,Thineth Perera,10E,1,Science,59
S141,Thineth Perera,10E,1,English,74
S141,Thineth Perera,10E,1,ICT,72
S141,Thineth Perera,10E,1,History,72
S141,Thineth Perera,10E,1,Sinhala,70
S141,Thineth Perera,10E,2,Mathematics,67
S141,Thineth Perera,10E,2,Science,77
S141,Thineth Perera,10E,2,English,71
S141,Thineth Perera,10E,2,ICT,71
S141,Thineth Perera,10E,2,History,70
S141,Thineth Perera,10E,2,Sinhala,75
S142,Gihan Silva,10E,1,Mathematics,42
S142,Gihan Silva,10E,1,Science,38
S142,Gihan Silva,10E,1,English,49
S142,Gihan Silva,10E,1,ICT,54
S142,Gihan Silva,10E,1,History,44
S142,Gihan Silva,10E,1,Sinhala,52
S142,Gihan Silva,10E,2,Mathematics,49
S142,Gihan Silva,10E,2,Science,31
S142,Gihan Silva,10E,2,English,52
S142,Gihan Silva,10E,2,ICT,53
S142,Gihan Silva,10E,2,History,49
S142,Gihan Silva,10E,2,Sinhala,56
S143,Binura Thabrew,10B,1,Mathematics,53
S143,Binura Thabrew,10B,1,Science,53
S143,Binura Thabrew,10B,1,English,50
S143,Binura Thabrew,10B,1,ICT,64
S143,Binura Thabrew,10B,1,History,49
S143,Binura Thabrew,10B,1,Sinhala,58
S143,Binura Thabrew,10B,2,Mathematics,59
S143,Binura Thabrew,10B,2,Science,55
S143,Binura Thabrew,10B,2,English,55
S143,Binura Thabrew,10B,2,ICT,69
S143,Binura Thabrew,10B,2,History,50
S143,Binura Thabrew,10B,2,Sinhala,64
S144,Janith Gomes,10D,1,Mathematics,47
S144,Janith Gomes,10D,1,Science,44
S144,Janith Gomes,10D,1,English,58
S144,Janith Gomes,10D,1,ICT,59
S144,Janith Gomes,10D,1,History,55
S144,Janith Gomes,10D,1,Sinhala,60
S144,Janith Gomes,10D,2,Mathematics,46
S144,Janith Gomes,10D,2,Science,49
S144,Janith Gomes,10D,2,English,51
S144,Janith Gomes,10D,2,ICT,60
S144,Janith Gomes,10D,2,History,54
S144,Janith Gomes,10D,2,Sinhala,56
S145,Dasun Perera,10D,1,Mathematics,87
S145,Dasun Perera,10D,1,Science,86
S145,Dasun Perera,10D,1,English,78
S145,Dasun Perera,10D,1,ICT,83
S145,Dasun Perera,10D,1,History,77
S145,Dasun Perera,10D,1,Sinhala,80
S145,Dasun Perera,10D,2,Mathematics,97
S145,Dasun Perera,10D,2,Science,89
S145,Dasun Perera,10D,2,English,91
S145,Dasun Perera,10D,2,ICT,95
S145,Dasun Perera,10D,2,History,95
S145,Dasun Perera,10D,2,Sinhala,88
S146,Janith Peiris,10A,1,Mathematics,36
S146,Janith Peiris,10A,1,Science,33
S146,Janith Peiris,10A,1,English,33
S146,Janith Peiris,10A,1,ICT,46
S146,Janith Peiris,10A,1,History,35
S146,Janith Peiris,10A,1,Sinhala,42
S146,Janith Peiris,10A,2,Mathematics,33
S146,Janith Peiris,10A,2,Science,32
S146,Janith Peiris,10A,2,English,32
S146,Janith Peiris,10A,2,ICT,42
S146,Janith Peiris,10A,2,History,35
S146,Janith Peiris,10A,2,Sinhala,41
S147,Sashen Costa,10F,1,Mathematics,66
S147,Sashen Costa,10F,1,Science,69
S147,Sashen Costa,10F,1,English,59
S147,Sashen Costa,10F,1,ICT,67
S147,Sashen Costa,10F,1,History,65
S147,Sashen Costa,10F,1,Sinhala,67
S147,Sashen Costa,10F,2,Mathematics,63
S147,Sashen Costa,10F,2,Science,62
S147,Sashen Costa,10F,2,English,46
S147,Sashen Costa,10F,2,ICT,64
S147,Sashen Costa,10F,2,History,57
S147,Sashen Costa,10F,2,Sinhala,59
S148,Ashan Perera,10A,1,Mathematics,22
S148,Ashan Perera,10A,1,Science,31
S148,Ashan Perera,10A,1,English,27
S148,Ashan Perera,10A,1,ICT,26
S148,Ashan Perera,10A,1,History,25
S148,Ashan Perera,10A,1,Sinhala,29
S148,Ashan Perera,10A,2,Mathematics,17
S148,Ashan Perera,10A,2,Science,32
S148,Ashan Perera,10A,2,English,22
S148,Ashan Perera,10A,2,ICT,23
S148,Ashan Perera,10A,2,History,22
S148,Ashan Perera,10A,2,Sinhala,24
S149,Radith Nonis,10B,1,Mathematics,58
S149,Radith Nonis,10B,1,Science,66
S149,Radith Nonis,10B,1,English,50
S149,Radith Nonis,10B,1,ICT,58
S149,Radith Nonis,10B,1,History,65
S149,Radith Nonis,10B,1,Sinhala,53
S149,Radith Nonis,10B,2,Mathematics,39
S149,Radith Nonis,10B,2,Science,42
S149,Radith Nonis,10B,2,English,51
S149,Radith Nonis,10B,2,ICT,38
S149,Radith Nonis,10B,2,History,45
S149,Radith Nonis,10B,2,Sinhala,48
S150,Maneth Rodrigo,10A,1,Mathematics,54
S150,Maneth Rodrigo,10A,1,Science,54
S150,Maneth Rodrigo,10A,1,English,61
S150,Maneth Rodrigo,10A,1,ICT,47
S150,Maneth Rodrigo,10A,1,History,57
S150,Maneth Rodrigo,10A,1,Sinhala,57
S150,Maneth Rodrigo,10A,2,Mathematics,55
S150,Maneth Rodrigo,10A,2,Science,60
S150,Maneth Rodrigo,10A,2,English,51
S150,Maneth Rodrigo,10A,2,ICT,51
S150,Maneth Rodrigo,10A,2,History,50
S150,Maneth Rodrigo,10A,2,Sinhala,56
S151,Vimath Silva,10B,1,Mathematics,57
S151,Vimath Silva,10B,1,Science,54
S151,Vimath Silva,10B,1,English,57
S151,Vimath Silva,10B,1,ICT,70
S151,Vimath Silva,10B,1,History,51
S151,Vimath Silva,10B,1,Sinhala,58
S151,Vimath Silva,10B,2,Mathematics,73
S151,Vimath Silva,10B,2,Science,68
S151,Vimath Silva,10B,2,English,73
S151,Vimath Silva,10B,2,ICT,77
S151,Vimath Silva,10B,2,History,67
S151,Vimath Silva,10B,2,Sinhala,80
S152,Gihan Perera,10C,1,Mathematics,58
S152,Gihan Perera,10C,1,Science,58
S152,Gihan Perera,10C,1,English,59
S152,Gihan Perera,10C,1,ICT,60
S152,Gihan Perera,10C,1,History,50
S152,Gihan Perera,10C,1,Sinhala,55
S152,Gihan Perera,10C,2,Mathematics,73
S152,Gihan Perera,10C,2,Science,72
S152,Gihan Perera,10C,2,English,69
S152,Gihan Perera,10C,2,ICT,72
S152,Gihan Perera,10C,2,History,62
S152,Gihan Perera,10C,2,Sinhala,75
S153,Radith Alwis,10B,1,Mathematics,50
S153,Radith Alwis,10B,1,Science,56
S153,Radith Alwis,10B,1,English,58
S153,Radith Alwis,10B,1,ICT,59
S153,Radith Alwis,10B,1,History,58
S153,Radith Alwis,10B,1,Sinhala,58
S153,Radith Alwis,10B,2,Mathematics,53
S153,Radith Alwis,10B,2,Science,49
S153,Radith Alwis,10B,2,English,43
S153,Radith Alwis,10B,2,ICT,60
S153,Radith Alwis,10B,2,History,50
S153,Radith Alwis,10B,2,Sinhala,60
S154,Gihan Thabrew,10C,1,Mathematics,52
S154,Gihan Thabrew,10C,1,Science,42
S154,Gihan Thabrew,10C,1,English,44
S154,Gihan Thabrew,10C,1,ICT,62
S154,Gihan Thabrew,10C,1,History,43
S154,Gihan Thabrew,10C,1,Sinhala,52
S154,Gihan Thabrew,10C,2,Mathematics,47
S154,Gihan Thabrew,10C,2,Science,43
S154,Gihan Thabrew,10C,2,English,53
S154,Gihan Thabrew,10C,2,ICT,62
S154,Gihan Thabrew,10C,2,History,44
S154,Gihan Thabrew,10C,2,Sinhala,58
S155,Ometh Mendis,10D,1,Mathematics,72
S155,Ometh Mendis,10D,1,Science,67
S155,Ometh Mendis,10D,1,English,82
S155,Ometh Mendis,10D,1,ICT,95
S155,Ometh Mendis,10D,1,History,74
S155,Ometh Mendis,10D,1,Sinhala,73
S155,Ometh Mendis,10D,2,Mathematics,67
S155,Ometh Mendis,10D,2,Science,72
S155,Ometh Mendis,10D,2,English,82
S155,Ometh Mendis,10D,2,ICT,89
S155,Ometh Mendis,10D,2,History,74
S155,Ometh Mendis,10D,2,Sinhala,75
S156,Nadun Alles,10E,1,Mathematics,79
S156,Nadun Alles,10E,1,Science,87
S156,Nadun Alles,10E,1,English,75
S156,Nadun Alles,10E,1,ICT,85
S156,Nadun Alles,10E,1,History,76
S156,Nadun Alles,10E,1,Sinhala,89
S156,Nadun Alles,10E,2,Mathematics,84
S156,Nadun Alles,10E,2,Science,97
S156,Nadun Alles,10E,2,English,82
S156,Nadun Alles,10E,2,ICT,100
S156,Nadun Alles,10E,2,History,94
S156,Nadun Alles,10E,2,Sinhala,95
S157,Binura de Silva,10C,1,Mathematics,53
S157,Binura de Silva,10C,1,Science,56
S157,Binura de Silva,10C,1,English,55
S157,Binura de Silva,10C,1,ICT,57
S157,Binura de Silva,10C,1,History,59
S157,Binura de Silva,10C,1,Sinhala,72
S157,Binura de Silva,10C,2,Mathematics,43
S157,Binura de Silva,10C,2,Science,51
S157,Binura de Silva,10C,2,English,51
S157,Binura de Silva,10C,2,ICT,50
S157,Binura de Silva,10C,2,History,50
S157,Binura de Silva,10C,2,Sinhala,47
S158,Ashan Fernando,10A,1,Mathematics,100
S158,Ashan Fernando,10A,1,Science,88
S158,Ashan Fernando,10A,1,English,88
S158,Ashan Fernando,10A,1,ICT,96
S158,Ashan Fernando,10A,1,History,92
S158,Ashan Fernando,10A,1,Sinhala,92
S158,Ashan Fernando,10A,2,Mathematics,89
S158,Ashan Fernando,10A,2,Science,82
S158,Ashan Fernando,10A,2,English,89
S158,Ashan Fernando,10A,2,ICT,91
S158,Ashan Fernando,10A,2,History,80
S158,Ashan Fernando,10A,2,Sinhala,89
S159,Kasun Mendis,10B,1,Mathematics,62
S159,Kasun Mendis,10B,1,Science,70
S159,Kasun Mendis,10B,1,English,61
S159,Kasun Mendis,10B,1,ICT,59
S159,Kasun Mendis,10B,1,History,73
S159,Kasun Mendis,10B,1,Sinhala,75
S159,Kasun Mendis,10B,2,Mathematics,60
S159,Kasun Mendis,10B,2,Science,78
S159,Kasun Mendis,10B,2,English,56
S159,Kasun Mendis,10B,2,ICT,67
S159,Kasun Mendis,10B,2,History,78
S159,Kasun Mendis,10B,2,Sinhala,70
S160,Eshan Alles,10F,1,Mathematics,51
S160,Eshan Alles,10F,1,Science,68
S160,Eshan Alles,10F,1,English,63
S160,Eshan Alles,10F,1,ICT,66
S160,Eshan Alles,10F,1,History,63
S160,Eshan Alles,10F,1,Sinhala,66
S160,Eshan Alles,10F,2,Mathematics,60
S160,Eshan Alles,10F,2,Science,69
S160,Eshan Alles,10F,2,English,64
S160,Eshan Alles,10F,2,ICT,60
S160,Eshan Alles,10F,2,History,70
S160,Eshan Alles,10F,2,Sinhala,65
S161,Thineth Costa,10E,1,Mathematics,46
S161,Thineth Costa,10E,1,Science,45
S161,Thineth Costa,10E,1,English,53
S161,Thineth Costa,10E,1,ICT,56
S161,Thineth Costa,10E,1,History,51
S161,Thineth Costa,10E,1,Sinhala,51
S161,Thineth Costa,10E,2,Mathematics,49
S161,Thineth Costa,10E,2,Science,49
S161,Thineth Costa,10E,2,English,46
S161,Thineth Costa,10E,2,ICT,69
S161,Thineth Costa,10E,2,History,60
S161,Thineth Costa,10E,2,Sinhala,58
S162,Vimath Perera,10F,1,Mathematics,56
S162,Vimath Perera,10F,1,Science,69
S162,Vimath Perera,10F,1,English,71
S162,Vimath Perera,10F,1,ICT,68
S162,Vimath Perera,10F,1,History,70
S162,Vimath Perera,10F,1,Sinhala,63
S162,Vimath Perera,10F,2,Mathematics,52
S162,Vimath Perera,10F,2,Science,62
S162,Vimath Perera,10F,2,English,73
S162,Vimath Perera,10F,2,ICT,58
S162,Vimath Perera,10F,2,History,72
S162,Vimath Perera,10F,2,Sinhala,71
S163,Maneth Silva,10D,1,Mathematics,19
S163,Maneth Silva,10D,1,Science,29
S163,Maneth Silva,10D,1,English,34
S163,Maneth Silva,10D,1,ICT,30
S163,Maneth Silva,10D,1,History,33
S163,Maneth Silva,10D,1,Sinhala,47
S163,Maneth Silva,10D,2,Mathematics,33
S163,Maneth Silva,10D,2,Science,39
S163,Maneth Silva,10D,2,English,41
S163,Maneth Silva,10D,2,ICT,40
S163,Maneth Silva,10D,2,History,46
S163,Maneth Silva,10D,2,Sinhala,47
S164,Uvindu Alles,10E,1,Mathematics,69
S164,Uvindu Alles,10E,1,Science,56
S164,Uvindu Alles,10E,1,English,62
S164,Uvindu Alles,10E,1,ICT,71
S164,Uvindu Alles,10E,1,History,63
S164,Uvindu Alles,10E,1,Sinhala,71
S164,Uvindu Alles,10E,2,Mathematics,55
S164,Uvindu Alles,10E,2,Science,41
S164,Uvindu Alles,10E,2,English,50
S164,Uvindu Alles,10E,2,ICT,47
S164,Uvindu Alles,10E,2,History,50
S164,Uvindu Alles,10E,2,Sinhala,63
S165,Hasith Peiris,10B,1,Mathematics,63
S165,Hasith Peiris,10B,1,Science,66
S165,Hasith Peiris,10B,1,English,71
S165,Hasith Peiris,10B,1,ICT,55
S165,Hasith Peiris,10B,1,History,59
S165,Hasith Peiris,10B,1,Sinhala,68
S165,Hasith Peiris,10B,2,Mathematics,64
S165,Hasith Peiris,10B,2,Science,74
S165,Hasith Peiris,10B,2,English,81
S165,Hasith Peiris,10B,2,ICT,62
S165,Hasith Peiris,10B,2,History,73
S165,Hasith Peiris,10B,2,Sinhala,78
S166,Ometh Alwis,10B,1,Mathematics,49
S166,Ometh Alwis,10B,1,Science,49
S166,Ometh Alwis,10B,1,English,57
S166,Ometh Alwis,10B,1,ICT,56
S166,Ometh Alwis,10B,1,History,49
S166,Ometh Alwis,10B,1,Sinhala,52
S166,Ometh Alwis,10B,2,Mathematics,63
S166,Ometh Alwis,10B,2,Science,50
S166,Ometh Alwis,10B,2,English,51
S166,Ometh Alwis,10B,2,ICT,65
S166,Ometh Alwis,10B,2,History,59
S166,Ometh Alwis,10B,2,Sinhala,63
S167,Lasith Fernando,10E,1,Mathematics,64
S167,Lasith Fernando,10E,1,Science,64
S167,Lasith Fernando,10E,1,English,66
S167,Lasith Fernando,10E,1,ICT,64
S167,Lasith Fernando,10E,1,History,80
S167,Lasith Fernando,10E,1,Sinhala,75
S167,Lasith Fernando,10E,2,Mathematics,66
S167,Lasith Fernando,10E,2,Science,53
S167,Lasith Fernando,10E,2,English,61
S167,Lasith Fernando,10E,2,ICT,55
S167,Lasith Fernando,10E,2,History,61
S167,Lasith Fernando,10E,2,Sinhala,57
S168,Ishan Rodrigo,10B,1,Mathematics,49
S168,Ishan Rodrigo,10B,1,Science,64
S168,Ishan Rodrigo,10B,1,English,61
S168,Ishan Rodrigo,10B,1,ICT,67
S168,Ishan Rodrigo,10B,1,History,50
S168,Ishan Rodrigo,10B,1,Sinhala,61
S168,Ishan Rodrigo,10B,2,Mathematics,63
S168,Ishan Rodrigo,10B,2,Science,62
S168,Ishan Rodrigo,10B,2,English,65
S168,Ishan Rodrigo,10B,2,ICT,67
S168,Ishan Rodrigo,10B,2,History,52
S168,Ishan Rodrigo,10B,2,Sinhala,70
S169,Thineth Fernando,10F,1,Mathematics,49
S169,Thineth Fernando,10F,1,Science,55
S169,Thineth Fernando,10F,1,English,62
S169,Thineth Fernando,10F,1,ICT,63
S169,Thineth Fernando,10F,1,History,54
S169,Thineth Fernando,10F,1,Sinhala,63
S169,Thineth Fernando,10F,2,Mathematics,50
S169,Thineth Fernando,10F,2,Science,58
S169,Thineth Fernando,10F,2,English,66
S169,Thineth Fernando,10F,2,ICT,57
S169,Thineth Fernando,10F,2,History,57
S169,Thineth Fernando,10F,2,Sinhala,66
S170,Lasith Almeida,10A,1,Mathematics,50
S170,Lasith Almeida,10A,1,Science,59
S170,Lasith Almeida,10A,1,English,52
S170,Lasith Almeida,10A,1,ICT,57
S170,Lasith Almeida,10A,1,History,55
S170,Lasith Almeida,10A,1,Sinhala,59
S170,Lasith Almeida,10A,2,Mathematics,39
S170,Lasith Almeida,10A,2,Science,50
S170,Lasith Almeida,10A,2,English,46
S170,Lasith Almeida,10A,2,ICT,50
S170,Lasith Almeida,10A,2,History,54
S170,Lasith Almeida,10A,2,Sinhala,49
S171,Charith Gomes,10C,1,Mathematics,65
S171,Charith Gomes,10C,1,Science,65
S171,Charith Gomes,10C,1,English,66
S171,Charith Gomes,10C,1,ICT,72
S171,Charith Gomes,10C,1,History,74
S171,Charith Gomes,10C,1,Sinhala,64
S171,Charith Gomes,10C,2,Mathematics,58
S171,Charith Gomes,10C,2,Science,59
S171,Charith Gomes,10C,2,English,53
S171,Charith Gomes,10C,2,ICT,61
S171,Charith Gomes,10C,2,History,63
S171,Charith Gomes,10C,2,Sinhala,62
S172,Binura Nonis,10E,1,Mathematics,59
S172,Binura Nonis,10E,1,Science,62
S172,Binura Nonis,10E,1,English,61
S172,Binura Nonis,10E,1,ICT,58
S172,Binura Nonis,10E,1,History,69
S172,Binura Nonis,10E,1,Sinhala,65
S172,Binura Nonis,10E,2,Mathematics,63
S172,Binura Nonis,10E,2,Science,56
S172,Binura Nonis,10E,2,English,60
S172,Binura Nonis,10E,2,ICT,65
S172,Binura Nonis,10E,2,History,63
S172,Binura Nonis,10E,2,Sinhala,68
S173,Vimath Nonis,10B,1,Mathematics,83
S173,Vimath Nonis,10B,1,Science,86
S173,Vimath Nonis,10B,1,English,86
S173,Vimath Nonis,10B,1,ICT,99
S173,Vimath Nonis,10B,1,History,89
S173,Vimath Nonis,10B,1,Sinhala,93
S173,Vimath Nonis,10B,2,Mathematics,87
S173,Vimath Nonis,10B,2,Science,88
S173,Vimath Nonis,10B,2,English,99
S173,Vimath Nonis,10B,2,ICT,94
S173,Vimath Nonis,10B,2,History,100
S173,Vimath Nonis,10B,2,Sinhala,100
S174,Binura Peiris,10F,1,Mathematics,100
S174,Binura Peiris,10F,1,Science,100
S174,Binura Peiris,10F,1,English,94
S174,Binura Peiris,10F,1,ICT,96
S174,Binura Peiris,10F,1,History,100
S174,Binura Peiris,10F,1,Sinhala,92
S174,Binura Peiris,10F,2,Mathematics,93
S174,Binura Peiris,10F,2,Science,95
S174,Binura Peiris,10F,2,English,98
S174,Binura Peiris,10F,2,ICT,100
S174,Binura Peiris,10F,2,History,100
S174,Binura Peiris,10F,2,Sinhala,91
S175,Janith Mendis,10E,1,Mathematics,61
S175,Janith Mendis,10E,1,Science,53
S175,Janith Mendis,10E,1,English,62
S175,Janith Mendis,10E,1,ICT,68
S175,Janith Mendis,10E,1,History,69
S175,Janith Mendis,10E,1,Sinhala,60
S175,Janith Mendis,10E,2,Mathematics,52
S175,Janith Mendis,10E,2,Science,51
S175,Janith Mendis,10E,2,English,65
S175,Janith Mendis,10E,2,ICT,75
S175,Janith Mendis,10E,2,History,65
S175,Janith Mendis,10E,2,Sinhala,61
S176,Janith Almeida,10A,1,Mathematics,52
S176,Janith Almeida,10A,1,Science,47
S176,Janith Almeida,10A,1,English,59
S176,Janith Almeida,10A,1,ICT,54
S176,Janith Almeida,10A,1,History,51
S176,Janith Almeida,10A,1,Sinhala,48
S176,Janith Almeida,10A,2,Mathematics,32
S176,Janith Almeida,10A,2,Science,40
S176,Janith Almeida,10A,2,English,38
S176,Janith Almeida,10A,2,ICT,41
S176,Janith Almeida,10A,2,History,35
S176,Janith Almeida,10A,2,Sinhala,41
S177,Nadun Costa,10B,1,Mathematics,61
S177,Nadun Costa,10B,1,Science,65
S177,Nadun Costa,10B,1,English,62
S177,Nadun Costa,10B,1,ICT,67
S177,Nadun Costa,10B,1,History,64
S177,Nadun Costa,10B,1,Sinhala,66
S177,Nadun Costa,10B,2,Mathematics,52
S177,Nadun Costa,10B,2,Science,51
S177,Nadun Costa,10B,2,English,52
S177,Nadun Costa,10B,2,ICT,62
S177,Nadun Costa,10B,2,History,52
S177,Nadun Costa,10B,2,Sinhala,56
S178,Pasan Silva,10B,1,Mathematics,50
S178,Pasan Silva,10B,1,Science,53
S178,Pasan Silva,10B,1,English,54
S178,Pasan Silva,10B,1,ICT,57
S178,Pasan Silva,10B,1,History,50
S178,Pasan Silva,10B,1,Sinhala,52
S178,Pasan Silva,10B,2,Mathematics,34
S178,Pasan Silva,10B,2,Science,38
S178,Pasan Silva,10B,2,English,43
S178,Pasan Silva,10B,2,ICT,39
S178,Pasan Silva,10B,2,History,45
S178,Pasan Silva,10B,2,Sinhala,47
S179,Hasith Fernando,10E,1,Mathematics,53
S179,Hasith Fernando,10E,1,Science,42
S179,Hasith Fernando,10E,1,English,51
S179,Hasith Fernando,10E,1,ICT,48
S179,Hasith Fernando,10E,1,History,58
S179,Hasith Fernando,10E,1,Sinhala,58
S179,Hasith Fernando,10E,2,Mathematics,46
S179,Hasith Fernando,10E,2,Science,47
S179,Hasith Fernando,10E,2,English,53
S179,Hasith Fernando,10E,2,ICT,48
S179,Hasith Fernando,10E,2,History,58
S179,Hasith Fernando,10E,2,Sinhala,52
S180,Ometh Costa,10F,1,Mathematics,96
S180,Ometh Costa,10F,1,Science,89
S180,Ometh Costa,10F,1,English,88
S180,Ometh Costa,10F,1,ICT,93
S180,Ometh Costa,10F,1,History,81
S180,Ometh Costa,10F,1,Sinhala,94
S180,Ometh Costa,10F,2,Mathematics,89
S180,Ometh Costa,10F,2,Science,94
S180,Ometh Costa,10F,2,English,89
S180,Ometh Costa,10F,2,ICT,91
S180,Ometh Costa,10F,2,History,88
S180,Ometh Costa,10F,2,Sinhala,91
S181,Nadun Fernando,10D,1,Mathematics,39
S181,Nadun Fernando,10D,1,Science,43
S181,Nadun Fernando,10D,1,English,50
S181,Nadun Fernando,10D,1,ICT,57
S181,Nadun Fernando,10D,1,History,57
S181,Nadun Fernando,10D,1,Sinhala,47
S181,Nadun Fernando,10D,2,Mathematics,23
S181,Nadun Fernando,10D,2,Science,34
S181,Nadun Fernando,10D,2,English,42
S181,Nadun Fernando,10D,2,ICT,39
S181,Nadun Fernando,10D,2,History,32
S181,Nadun Fernando,10D,2,Sinhala,28
S182,Ishan Alles,10A,1,Mathematics,80
S182,Ishan Alles,10A,1,Science,78
S182,Ishan Alles,10A,1,English,88
S182,Ishan Alles,10A,1,ICT,89
S182,Ishan Alles,10A,1,History,88
S182,Ishan Alles,10A,1,Sinhala,89
S182,Ishan Alles,10A,2,Mathematics,80
S182,Ishan Alles,10A,2,Science,75
S182,Ishan Alles,10A,2,English,90
S182,Ishan Alles,10A,2,ICT,84
S182,Ishan Alles,10A,2,History,94
S182,Ishan Alles,10A,2,Sinhala,87
S183,Kasun de Silva,10D,1,Mathematics,65
S183,Kasun de Silva,10D,1,Science,76
S183,Kasun de Silva,10D,1,English,74
S183,Kasun de Silva,10D,1,ICT,71
S183,Kasun de Silva,10D,1,History,82
S183,Kasun de Silva,10D,1,Sinhala,79
S183,Kasun de Silva,10D,2,Mathematics,55
S183,Kasun de Silva,10D,2,Science,59
S183,Kasun de Silva,10D,2,English,61
S183,Kasun de Silva,10D,2,ICT,61
S183,Kasun de Silva,10D,2,History,70
S183,Kasun de Silva,10D,2,Sinhala,72
S184,Nadun Peiris,10B,1,Mathematics,73
S184,Nadun Peiris,10B,1,Science,75
S184,Nadun Peiris,10B,1,English,84
S184,Nadun Peiris,10B,1,ICT,88
S184,Nadun Peiris,10B,1,History,78
S184,Nadun Peiris,10B,1,Sinhala,70
S184,Nadun Peiris,10B,2,Mathematics,74
S184,Nadun Peiris,10B,2,Science,83
S184,Nadun Peiris,10B,2,English,85
S184,Nadun Peiris,10B,2,ICT,86
S184,Nadun Peiris,10B,2,History,80
S184,Nadun Peiris,10B,2,Sinhala,75
S185,Kasun Fernando,10B,1,Mathematics,77
S185,Kasun Fernando,10B,1,Science,100
S185,Kasun Fernando,10B,1,English,88
S185,Kasun Fernando,10B,1,ICT,90
S185,Kasun Fernando,10B,1,History,82
S185,Kasun Fernando,10B,1,Sinhala,89
S185,Kasun Fernando,10B,2,Mathematics,92
S185,Kasun Fernando,10B,2,Science,96
S185,Kasun Fernando,10B,2,English,100
S185,Kasun Fernando,10B,2,ICT,100
S185,Kasun Fernando,10B,2,History,94
S185,Kasun Fernando,10B,2,Sinhala,94
S186,Kasun Peiris,10A,1,Mathematics,63
S186,Kasun Peiris,10A,1,Science,48
S186,Kasun Peiris,10A,1,English,54
S186,Kasun Peiris,10A,1,ICT,49
S186,Kasun Peiris,10A,1,History,61
S186,Kasun Peiris,10A,1,Sinhala,55
S186,Kasun Peiris,10A,2,Mathematics,70
S186,Kasun Peiris,10A,2,Science,62
S186,Kasun Peiris,10A,2,English,59
S186,Kasun Peiris,10A,2,ICT,68
S186,Kasun Peiris,10A,2,History,63
S186,Kasun Peiris,10A,2,Sinhala,72
S187,Thineth Alles,10C,1,Mathematics,44
S187,Thineth Alles,10C,1,Science,50
S187,Thineth Alles,10C,1,English,41
S187,Thineth Alles,10C,1,ICT,59
S187,Thineth Alles,10C,1,History,53
S187,Thineth Alles,10C,1,Sinhala,54
S187,Thineth Alles,10C,2,Mathematics,39
S187,Thineth Alles,10C,2,Science,28
S187,Thineth Alles,10C,2,English,36
S187,Thineth Alles,10C,2,ICT,51
S187,Thineth Alles,10C,2,History,43
S187,Thineth Alles,10C,2,Sinhala,38
S188,Charith Alwis,10A,1,Mathematics,58
S188,Charith Alwis,10A,1,Science,58
S188,Charith Alwis,10A,1,English,68
S188,Charith Alwis,10A,1,ICT,76
S188,Charith Alwis,10A,1,History,62
S188,Charith Alwis,10A,1,Sinhala,50
S188,Charith Alwis,10A,2,Mathematics,59
S188,Charith Alwis,10A,2,Science,50
S188,Charith Alwis,10A,2,English,60
S188,Charith Alwis,10A,2,ICT,78
S188,Charith Alwis,10A,2,History,62
S188,Charith Alwis,10A,2,Sinhala,58
S189,Eshan Costa,10F,1,Mathematics,45
S189,Eshan Costa,10F,1,Science,52
S189,Eshan Costa,10F,1,English,51
S189,Eshan Costa,10F,1,ICT,50
S189,Eshan Costa,10F,1,History,55
S189,Eshan Costa,10F,1,Sinhala,57
S189,Eshan Costa,10F,2,Mathematics,30
S189,Eshan Costa,10F,2,Science,40
S189,Eshan Costa,10F,2,English,48
S189,Eshan Costa,10F,2,ICT,39
S189,Eshan Costa,10F,2,History,46
S189,Eshan Costa,10F,2,Sinhala,44
S190,Charith Mendis,10A,1,Mathematics,55
S190,Charith Mendis,10A,1,Science,48
S190,Charith Mendis,10A,1,English,50
S190,Charith Mendis,10A,1,ICT,54
S190,Charith Mendis,10A,1,History,52
S190,Charith Mendis,10A,1,Sinhala,58
S190,Charith Mendis,10A,2,Mathematics,42
S190,Charith Mendis,10A,2,Science,33
S190,Charith Mendis,10A,2,English,45
S190,Charith Mendis,10A,2,ICT,44
S190,Charith Mendis,10A,2,History,47
S190,Charith Mendis,10A,2,Sinhala,45
S191,Ishan Thabrew,10B,1,Mathematics,61
S191,Ishan Thabrew,10B,1,Science,84
S191,Ishan Thabrew,10B,1,English,74
S191,Ishan Thabrew,10B,1,ICT,82
S191,Ishan Thabrew,10B,1,History,81
S191,Ishan Thabrew,10B,1,Sinhala,77
S191,Ishan Thabrew,10B,2,Mathematics,76
S191,Ishan Thabrew,10B,2,Science,84
S191,Ishan Thabrew,10B,2,English,82
S191,Ishan Thabrew,10B,2,ICT,89
S191,Ishan Thabrew,10B,2,History,78
S191,Ishan Thabrew,10B,2,Sinhala,86
S192,Lasith de Silva,10F,1,Mathematics,78
S192,Lasith de Silva,10F,1,Science,69
S192,Lasith de Silva,10F,1,English,80
S192,Lasith de Silva,10F,1,ICT,69
S192,Lasith de Silva,10F,1,History,85
S192,Lasith de Silva,10F,1,Sinhala,73
S192,Lasith de Silva,10F,2,Mathematics,73
S192,Lasith de Silva,10F,2,Science,65
S192,Lasith de Silva,10F,2,English,73
S192,Lasith de Silva,10F,2,ICT,71
S192,Lasith de Silva,10F,2,History,77
S192,Lasith de Silva,10F,2,Sinhala,74
S193,Uvindu Thabrew,10E,1,Mathematics,42
S193,Uvindu Thabrew,10E,1,Science,45
S193,Uvindu Thabrew,10E,1,English,35
S193,Uvindu Thabrew,10E,1,ICT,38
S193,Uvindu Thabrew,10E,1,History,47
S193,Uvindu Thabrew,10E,1,Sinhala,41
S193,Uvindu Thabrew,10E,2,Mathematics,44
S193,Uvindu Thabrew,10E,2,Science,43
S193,Uvindu Thabrew,10E,2,English,42
S193,Uvindu Thabrew,10E,2,ICT,50
S193,Uvindu Thabrew,10E,2,History,52
S193,Uvindu Thabrew,10E,2,Sinhala,44
S194,Janith Costa,10B,1,Mathematics,35
S194,Janith Costa,10B,1,Science,43
S194,Janith Costa,10B,1,English,45
S194,Janith Costa,10B,1,ICT,43
S194,Janith Costa,10B,1,History,43
S194,Janith Costa,10B,1,Sinhala,46
S194,Janith Costa,10B,2,Mathematics,34
S194,Janith Costa,10B,2,Science,48
S194,Janith Costa,10B,2,English,50
S194,Janith Costa,10B,2,ICT,40
S194,Janith Costa,10B,2,History,46
S194,Janith Costa,10B,2,Sinhala,51
S195,Maneth Fernando,10E,1,Mathematics,59
S195,Maneth Fernando,10E,1,Science,67
S195,Maneth Fernando,10E,1,English,68
S195,Maneth Fernando,10E,1,ICT,59
S195,Maneth Fernando,10E,1,History,65
S195,Maneth Fernando,10E,1,Sinhala,61
S195,Maneth Fernando,10E,2,Mathematics,54
S195,Maneth Fernando,10E,2,Science,61
S195,Maneth Fernando,10E,2,English,57
S195,Maneth Fernando,10E,2,ICT,60
S195,Maneth Fernando,10E,2,History,71
S195,Maneth Fernando,10E,2,Sinhala,59
S196,Ometh Alles,10F,1,Mathematics,33
S196,Ometh Alles,10F,1,Science,26
S196,Ometh Alles,10F,1,English,20
S196,Ometh Alles,10F,1,ICT,41
S196,Ometh Alles,10F,1,History,25
S196,Ometh Alles,10F,1,Sinhala,21
S196,Ometh Alles,10F,2,Mathematics,23
S196,Ometh Alles,10F,2,Science,27
S196,Ometh Alles,10F,2,English,32
S196,Ometh Alles,10F,2,ICT,35
S196,Ometh Alles,10F,2,History,25
S196,Ometh Alles,10F,2,Sinhala,13
S197,Ometh Peiris,10E,1,Mathematics,60
S197,Ometh Peiris,10E,1,Science,56
S197,Ometh Peiris,10E,1,English,59
S197,Ometh Peiris,10E,1,ICT,58
S197,Ometh Peiris,10E,1,History,45
S197,Ometh Peiris,10E,1,Sinhala,65
S197,Ometh Peiris,10E,2,Mathematics,60
S197,Ometh Peiris,10E,2,Science,70
S197,Ometh Peiris,10E,2,English,60
S197,Ometh Peiris,10E,2,ICT,75
S197,Ometh Peiris,10E,2,History,69
S197,Ometh Peiris,10E,2,Sinhala,71
S198,Thineth Gomes,10E,1,Mathematics,87
S198,Thineth Gomes,10E,1,Science,78
S198,Thineth Gomes,10E,1,English,82
S198,Thineth Gomes,10E,1,ICT,89
S198,Thineth Gomes,10E,1,History,85
S198,Thineth Gomes,10E,1,Sinhala,84
S198,Thineth Gomes,10E,2,Mathematics,79
S198,Thineth Gomes,10E,2,Science,69
S198,Thineth Gomes,10E,2,English,87
S198,Thineth Gomes,10E,2,ICT,92
S198,Thineth Gomes,10E,2,History,87
S198,Thineth Gomes,10E,2,Sinhala,78
S199,Kasun Almeida,10C,1,Mathematics,90
S199,Kasun Almeida,10C,1,Science,87
S199,Kasun Almeida,10C,1,English,88
S199,Kasun Almeida,10C,1,ICT,91
S199,Kasun Almeida,10C,1,History,93
S199,Kasun Almeida,10C,1,Sinhala,89
S199,Kasun Almeida,10C,2,Mathematics,90
S199,Kasun Almeida,10C,2,Science,83
S199,Kasun Almeida,10C,2,English,83
S199,Kasun Almeida,10C,2,ICT,99
S199,Kasun Almeida,10C,2,History,95
S199,Kasun Almeida,10C,2,Sinhala,88
S200,Dasun Gomes,10B,1,Mathematics,55
S200,Dasun Gomes,10B,1,Science,53
S200,Dasun Gomes,10B,1,English,53
S200,Dasun Gomes,10B,1,ICT,59
S200,Dasun Gomes,10B,1,History,53
S200,Dasun Gomes,10B,1,Sinhala,59
S200,Dasun Gomes,10B,2,Mathematics,57
S200,Dasun Gomes,10B,2,Science,52
S200,Dasun Gomes,10B,2,English,59
S200,Dasun Gomes,10B,2,ICT,57
S200,Dasun Gomes,10B,2,History,50
S200,Dasun Gomes,10B,2,Sinhala,59
S201,Vimath Alles,10B,1,Mathematics,59
S201,Vimath Alles,10B,1,Science,61
S201,Vimath Alles,10B,1,English,70
S201,Vimath Alles,10B,1,ICT,75
S201,Vimath Alles,10B,1,History,70
S201,Vimath Alles,10B,1,Sinhala,71
S201,Vimath Alles,10B,2,Mathematics,77
S201,Vimath Alles,10B,2,Science,73
S201,Vimath Alles,10B,2,English,87
S201,Vimath Alles,10B,2,ICT,86
S201,Vimath Alles,10B,2,History,81
S201,Vimath Alles,10B,2,Sinhala,89
S202,Uvindu Peiris,10B,1,Mathematics,44
S202,Uvindu Peiris,10B,1,Science,49
S202,Uvindu Peiris,10B,1,English,51
S202,Uvindu Peiris,10B,1,ICT,47
S202,Uvindu Peiris,10B,1,History,49
S202,Uvindu Peiris,10B,1,Sinhala,47
S202,Uvindu Peiris,10B,2,Mathematics,62
S202,Uvindu Peiris,10B,2,Science,59
S202,Uvindu Peiris,10B,2,English,59
S202,Uvindu Peiris,10B,2,ICT,59
S202,Uvindu Peiris,10B,2,History,52
S202,Uvindu Peiris,10B,2,Sinhala,67
S203,Hasith Thabrew,10B,1,Mathematics,65
S203,Hasith Thabrew,10B,1,Science,73
S203,Hasith Thabrew,10B,1,English,65
S203,Hasith Thabrew,10B,1,ICT,83
S203,Hasith Thabrew,10B,1,History,76
S203,Hasith Thabrew,10B,1,Sinhala,66
S203,Hasith Thabrew,10B,2,Mathematics,79
S203,Hasith Thabrew,10B,2,Science,87
S203,Hasith Thabrew,10B,2,English,83
S203,Hasith Thabrew,10B,2,ICT,90
S203,Hasith Thabrew,10B,2,History,88
S203,Hasith Thabrew,10B,2,Sinhala,84
S204,Gihan Alwis,10A,1,Mathematics,72
S204,Gihan Alwis,10A,1,Science,82
S204,Gihan Alwis,10A,1,English,84
S204,Gihan Alwis,10A,1,ICT,86
S204,Gihan Alwis,10A,1,History,97
S204,Gihan Alwis,10A,1,Sinhala,87
S204,Gihan Alwis,10A,2,Mathematics,81
S204,Gihan Alwis,10A,2,Science,100
S204,Gihan Alwis,10A,2,English,100
S204,Gihan Alwis,10A,2,ICT,94
S204,Gihan Alwis,10A,2,History,100
S204,Gihan Alwis,10A,2,Sinhala,98
S205,Ashan Peiris,10A,1,Mathematics,60
S205,Ashan Peiris,10A,1,Science,56
S205,Ashan Peiris,10A,1,English,63
S205,Ashan Peiris,10A,1,ICT,56
S205,Ashan Peiris,10A,1,History,53
S205,Ashan Peiris,10A,1,Sinhala,60
S205,Ashan Peiris,10A,2,Mathematics,64
S205,Ashan Peiris,10A,2,Science,63
S205,Ashan Peiris,10A,2,English,63
S205,Ashan Peiris,10A,2,ICT,67
S205,Ashan Peiris,10A,2,History,55
S205,Ashan Peiris,10A,2,Sinhala,66
S206,Sashen Peiris,10F,1,Mathematics,65
S206,Sashen Peiris,10F,1,Science,65
S206,Sashen Peiris,10F,1,English,64
S206,Sashen Peiris,10F,1,ICT,61
S206,Sashen Peiris,10F,1,History,67
S206,Sashen Peiris,10F,1,Sinhala,55
S206,Sashen Peiris,10F,2,Mathematics,59
S206,Sashen Peiris,10F,2,Science,48
S206,Sashen Peiris,10F,2,English,57
S206,Sashen Peiris,10F,2,ICT,62
S206,Sashen Peiris,10F,2,History,54
S206,Sashen Peiris,10F,2,Sinhala,49
S207,Ashan de Silva,10A,1,Mathematics,51
S207,Ashan de Silva,10A,1,Science,51
S207,Ashan de Silva,10A,1,English,50
S207,Ashan de Silva,10A,1,ICT,52
S207,Ashan de Silva,10A,1,History,41
S207,Ashan de Silva,10A,1,Sinhala,56
S207,Ashan de Silva,10A,2,Mathematics,48
S207,Ashan de Silva,10A,2,Science,54
S207,Ashan de Silva,10A,2,English,42
S207,Ashan de Silva,10A,2,ICT,50
S207,Ashan de Silva,10A,2,History,41
S207,Ashan de Silva,10A,2,Sinhala,55
S208,Ometh Rodrigo,10F,1,Mathematics,49
S208,Ometh Rodrigo,10F,1,Science,53
S208,Ometh Rodrigo,10F,1,English,56
S208,Ometh Rodrigo,10F,1,ICT,68
S208,Ometh Rodrigo,10F,1,History,59
S208,Ometh Rodrigo,10F,1,Sinhala,64
S208,Ometh Rodrigo,10F,2,Mathematics,44
S208,Ometh Rodrigo,10F,2,Science,36
S208,Ometh Rodrigo,10F,2,English,45
S208,Ometh Rodrigo,10F,2,ICT,52
S208,Ometh Rodrigo,10F,2,History,46
S208,Ometh Rodrigo,10F,2,Sinhala,52
S209,Ometh Silva,10D,1,Mathematics,64
S209,Ometh Silva,10D,1,Science,72
S209,Ometh Silva,10D,1,English,65
S209,Ometh Silva,10D,1,ICT,75
S209,Ometh Silva,10D,1,History,70
S209,Ometh Silva,10D,1,Sinhala,61
S209,Ometh Silva,10D,2,Mathematics,82
S209,Ometh Silva,10D,2,Science,80
S209,Ometh Silva,10D,2,English,84
S209,Ometh Silva,10D,2,ICT,85
S209,Ometh Silva,10D,2,History,83
S209,Ometh Silva,10D,2,Sinhala,76
S210,Gihan Peiris,10A,1,Mathematics,53
S210,Gihan Peiris,10A,1,Science,58
S210,Gihan Peiris,10A,1,English,61
S210,Gihan Peiris,10A,1,ICT,63
S210,Gihan Peiris,10A,1,History,65
S210,Gihan Peiris,10A,1,Sinhala,57
S210,Gihan Peiris,10A,2,Mathematics,57
S210,Gihan Peiris,10A,2,Science,62
S210,Gihan Peiris,10A,2,English,68
S210,Gihan Peiris,10A,2,ICT,59
S210,Gihan Peiris,10A,2,History,59
S210,Gihan Peiris,10A,2,Sinhala,58
S211,Maneth Almeida,10E,1,Mathematics,72
S211,Maneth Almeida,10E,1,Science,83
S211,Maneth Almeida,10E,1,English,79
S211,Maneth Almeida,10E,1,ICT,90
S211,Maneth Almeida,10E,1,History,87
S211,Maneth Almeida,10E,1,Sinhala,88
S211,Maneth Almeida,10E,2,Mathematics,77
S211,Maneth Almeida,10E,2,Science,90
S211,Maneth Almeida,10E,2,English,85
S211,Maneth Almeida,10E,2,ICT,88
S211,Maneth Almeida,10E,2,History,92
S211,Maneth Almeida,10E,2,Sinhala,96
S212,Dasun Abrew,10F,1,Mathematics,55
S212,Dasun Abrew,10F,1,Science,67
S212,Dasun Abrew,10F,1,English,67
S212,Dasun Abrew,10F,1,ICT,74
S212,Dasun Abrew,10F,1,History,68
S212,Dasun Abrew,10F,1,Sinhala,69
S212,Dasun Abrew,10F,2,Mathematics,65
S212,Dasun Abrew,10F,2,Science,70
S212,Dasun Abrew,10F,2,English,73
S212,Dasun Abrew,10F,2,ICT,77
S212,Dasun Abrew,10F,2,History,73
S212,Dasun Abrew,10F,2,Sinhala,67
S213,Uvindu Fernando,10C,1,Mathematics,64
S213,Uvindu Fernando,10C,1,Science,58
S213,Uvindu Fernando,10C,1,English,69
S213,Uvindu Fernando,10C,1,ICT,61
S213,Uvindu Fernando,10C,1,History,74
S213,Uvindu Fernando,10C,1,Sinhala,63
S213,Uvindu Fernando,10C,2,Mathematics,50
S213,Uvindu Fernando,10C,2,Science,51
S213,Uvindu Fernando,10C,2,English,61
S213,Uvindu Fernando,10C,2,ICT,55
S213,Uvindu Fernando,10C,2,History,57
S213,Uvindu Fernando,10C,2,Sinhala,54
S214,Thineth Peiris,10D,1,Mathematics,85
S214,Thineth Peiris,10D,1,Science,78
S214,Thineth Peiris,10D,1,English,78
S214,Thineth Peiris,10D,1,ICT,77
S214,Thineth Peiris,10D,1,History,72
S214,Thineth Peiris,10D,1,Sinhala,80
S214,Thineth Peiris,10D,2,Mathematics,84
S214,Thineth Peiris,10D,2,Science,67
S214,Thineth Peiris,10D,2,English,82
S214,Thineth Peiris,10D,2,ICT,83
S214,Thineth Peiris,10D,2,History,75
S214,Thineth Peiris,10D,2,Sinhala,86
S215,Lasith Nonis,10C,1,Mathematics,68
S215,Lasith Nonis,10C,1,Science,68
S215,Lasith Nonis,10C,1,English,74
S215,Lasith Nonis,10C,1,ICT,73
S215,Lasith Nonis,10C,1,History,73
S215,Lasith Nonis,10C,1,Sinhala,58
S215,Lasith Nonis,10C,2,Mathematics,68
S215,Lasith Nonis,10C,2,Science,57
S215,Lasith Nonis,10C,2,English,64
S215,Lasith Nonis,10C,2,ICT,68
S215,Lasith Nonis,10C,2,History,71
S215,Lasith Nonis,10C,2,Sinhala,47
S216,Eshan Gomes,10A,1,Mathematics,52
S216,Eshan Gomes,10A,1,Science,50
S216,Eshan Gomes,10A,1,English,51
S216,Eshan Gomes,10A,1,ICT,49
S216,Eshan Gomes,10A,1,History,56
S216,Eshan Gomes,10A,1,Sinhala,58
S216,Eshan Gomes,10A,2,Mathematics,54
S216,Eshan Gomes,10A,2,Science,45
S216,Eshan Gomes,10A,2,English,68
S216,Eshan Gomes,10A,2,ICT,55
S216,Eshan Gomes,10A,2,History,50
S216,Eshan Gomes,10A,2,Sinhala,52
S217,Sashen Perera,10C,1,Mathematics,66
S217,Sashen Perera,10C,1,Science,71
S217,Sashen Perera,10C,1,English,75
S217,Sashen Perera,10C,1,ICT,78
S217,Sashen Perera,10C,1,History,79
S217,Sashen Perera,10C,1,Sinhala,76
S217,Sashen Perera,10C,2,Mathematics,57
S217,Sashen Perera,10C,2,Science,55
S217,Sashen Perera,10C,2,English,67
S217,Sashen Perera,10C,2,ICT,63
S217,Sashen Perera,10C,2,History,74
S217,Sashen Perera,10C,2,Sinhala,57
S218,Ishan Nonis,10D,1,Mathematics,78
S218,Ishan Nonis,10D,1,Science,75
S218,Ishan Nonis,10D,1,English,82
S218,Ishan Nonis,10D,1,ICT,77
S218,Ishan Nonis,10D,1,History,90
S218,Ishan Nonis,10D,1,Sinhala,75
S218,Ishan Nonis,10D,2,Mathematics,78
S218,Ishan Nonis,10D,2,Science,86
S218,Ishan Nonis,10D,2,English,83
S218,Ishan Nonis,10D,2,ICT,82
S218,Ishan Nonis,10D,2,History,86
S218,Ishan Nonis,10D,2,Sinhala,77
S219,Radith Gomes,10F,1,Mathematics,53
S219,Radith Gomes,10F,1,Science,55
S219,Radith Gomes,10F,1,English,64
S219,Radith Gomes,10F,1,ICT,61
S219,Radith Gomes,10F,1,History,55
S219,Radith Gomes,10F,1,Sinhala,55
S219,Radith Gomes,10F,2,Mathematics,54
S219,Radith Gomes,10F,2,Science,58
S219,Radith Gomes,10F,2,English,60
S219,Radith Gomes,10F,2,ICT,56
S219,Radith Gomes,10F,2,History,51
S219,Radith Gomes,10F,2,Sinhala,49
S220,Eshan Fernando,10C,1,Mathematics,66
S220,Eshan Fernando,10C,1,Science,72
S220,Eshan Fernando,10C,1,English,70
S220,Eshan Fernando,10C,1,ICT,78
S220,Eshan Fernando,10C,1,History,69
S220,Eshan Fernando,10C,1,Sinhala,74
S220,Eshan Fernando,10C,2,Mathematics,77
S220,Eshan Fernando,10C,2,Science,75
S220,Eshan Fernando,10C,2,English,71
S220,Eshan Fernando,10C,2,ICT,77
S220,Eshan Fernando,10C,2,History,72
S220,Eshan Fernando,10C,2,Sinhala,76
S221,Nadun Mendis,10F,1,Mathematics,75
S221,Nadun Mendis,10F,1,Science,84
S221,Nadun Mendis,10F,1,English,73
S221,Nadun Mendis,10F,1,ICT,91
S221,Nadun Mendis,10F,1,History,79
S221,Nadun Mendis,10F,1,Sinhala,91
S221,Nadun Mendis,10F,2,Mathematics,65
S221,Nadun Mendis,10F,2,Science,76
S221,Nadun Mendis,10F,2,English,66
S221,Nadun Mendis,10F,2,ICT,81
S221,Nadun Mendis,10F,2,History,74
S221,Nadun Mendis,10F,2,Sinhala,84
S222,Kasun Silva,10A,1,Mathematics,39
S222,Kasun Silva,10A,1,Science,41
S222,Kasun Silva,10A,1,English,38
S222,Kasun Silva,10A,1,ICT,45
S222,Kasun Silva,10A,1,History,39
S222,Kasun Silva,10A,1,Sinhala,55
S222,Kasun Silva,10A,2,Mathematics,51
S222,Kasun Silva,10A,2,Science,60
S222,Kasun Silva,10A,2,English,49
S222,Kasun Silva,10A,2,ICT,60
S222,Kasun Silva,10A,2,History,62
S222,Kasun Silva,10A,2,Sinhala,65
S223,Charith Nonis,10D,1,Mathematics,50
S223,Charith Nonis,10D,1,Science,41
S223,Charith Nonis,10D,1,English,36
S223,Charith Nonis,10D,1,ICT,56
S223,Charith Nonis,10D,1,History,50
S223,Charith Nonis,10D,1,Sinhala,53
S223,Charith Nonis,10D,2,Mathematics,25
S223,Charith Nonis,10D,2,Science,14
S223,Charith Nonis,10D,2,English,32
S223,Charith Nonis,10D,2,ICT,39
S223,Charith Nonis,10D,2,History,29
S223,Charith Nonis,10D,2,Sinhala,30
S224,Radith Thabrew,10C,1,Mathematics,46
S224,Radith Thabrew,10C,1,Science,47
S224,Radith Thabrew,10C,1,English,50
S224,Radith Thabrew,10C,1,ICT,38
S224,Radith Thabrew,10C,1,History,43
S224,Radith Thabrew,10C,1,Sinhala,55
S224,Radith Thabrew,10C,2,Mathematics,63
S224,Radith Thabrew,10C,2,Science,66
S224,Radith Thabrew,10C,2,English,57
S224,Radith Thabrew,10C,2,ICT,58
S224,Radith Thabrew,10C,2,History,64
S224,Radith Thabrew,10C,2,Sinhala,60
S225,Lasith Alwis,10F,1,Mathematics,80
S225,Lasith Alwis,10F,1,Science,82
S225,Lasith Alwis,10F,1,English,83
S225,Lasith Alwis,10F,1,ICT,81
S225,Lasith Alwis,10F,1,History,76
S225,Lasith Alwis,10F,1,Sinhala,82
S225,Lasith Alwis,10F,2,Mathematics,76
S225,Lasith Alwis,10F,2,Science,81
S225,Lasith Alwis,10F,2,English,73
S225,Lasith Alwis,10F,2,ICT,83
S225,Lasith Alwis,10F,2,History,72
S225,Lasith Alwis,10F,2,Sinhala,83
S226,Binura Rodrigo,10D,1,Mathematics,63
S226,Binura Rodrigo,10D,1,Science,65
S226,Binura Rodrigo,10D,1,English,67
S226,Binura Rodrigo,10D,1,ICT,69
S226,Binura Rodrigo,10D,1,History,59
S226,Binura Rodrigo,10D,1,Sinhala,70
S226,Binura Rodrigo,10D,2,Mathematics,69
S226,Binura Rodrigo,10D,2,Science,68
S226,Binura Rodrigo,10D,2,English,68
S226,Binura Rodrigo,10D,2,ICT,75
S226,Binura Rodrigo,10D,2,History,55
S226,Binura Rodrigo,10D,2,Sinhala,69
S227,Maneth Perera,10F,1,Mathematics,64
S227,Maneth Perera,10F,1,Science,55
S227,Maneth Perera,10F,1,English,71
S227,Maneth Perera,10F,1,ICT,66
S227,Maneth Perera,10F,1,History,61
S227,Maneth Perera,10F,1,Sinhala,64
S227,Maneth Perera,10F,2,Mathematics,62
S227,Maneth Perera,10F,2,Science,51
S227,Maneth Perera,10F,2,English,75
S227,Maneth Perera,10F,2,ICT,64
S227,Maneth Perera,10F,2,History,69
S227,Maneth Perera,10F,2,Sinhala,72
S228,Uvindu Rodrigo,10B,1,Mathematics,58
S228,Uvindu Rodrigo,10B,1,Science,80
S228,Uvindu Rodrigo,10B,1,English,75
S228,Uvindu Rodrigo,10B,1,ICT,70
S228,Uvindu Rodrigo,10B,1,History,64
S228,Uvindu Rodrigo,10B,1,Sinhala,68
S228,Uvindu Rodrigo,10B,2,Mathematics,62
S228,Uvindu Rodrigo,10B,2,Science,72
S228,Uvindu Rodrigo,10B,2,English,66
S228,Uvindu Rodrigo,10B,2,ICT,69
S228,Uvindu Rodrigo,10B,2,History,67
S228,Uvindu Rodrigo,10B,2,Sinhala,66
S229,Maneth de Silva,10F,1,Mathematics,38
S229,Maneth de Silva,10F,1,Science,40
S229,Maneth de Silva,10F,1,English,42
S229,Maneth de Silva,10F,1,ICT,45
S229,Maneth de Silva,10F,1,History,50
S229,Maneth de Silva,10F,1,Sinhala,47
S229,Maneth de Silva,10F,2,Mathematics,24
S229,Maneth de Silva,10F,2,Science,26
S229,Maneth de Silva,10F,2,English,34
S229,Maneth de Silva,10F,2,ICT,29
S229,Maneth de Silva,10F,2,History,32
S229,Maneth de Silva,10F,2,Sinhala,35
S230,Eshan Peiris,10A,1,Mathematics,74
S230,Eshan Peiris,10A,1,Science,66
S230,Eshan Peiris,10A,1,English,73
S230,Eshan Peiris,10A,1,ICT,82
S230,Eshan Peiris,10A,1,History,71
S230,Eshan Peiris,10A,1,Sinhala,75
S230,Eshan Peiris,10A,2,Mathematics,68
S230,Eshan Peiris,10A,2,Science,68
S230,Eshan Peiris,10A,2,English,68
S230,Eshan Peiris,10A,2,ICT,79
S230,Eshan Peiris,10A,2,History,77
S230,Eshan Peiris,10A,2,Sinhala,71
S231,Maneth Mendis,10E,1,Mathematics,92
S231,Maneth Mendis,10E,1,Science,85
S231,Maneth Mendis,10E,1,English,100
S231,Maneth Mendis,10E,1,ICT,98
S231,Maneth Mendis,10E,1,History,93
S231,Maneth Mendis,10E,1,Sinhala,91
S231,Maneth Mendis,10E,2,Mathematics,100
S231,Maneth Mendis,10E,2,Science,100
S231,Maneth Mendis,10E,2,English,100
S231,Maneth Mendis,10E,2,ICT,100
S231,Maneth Mendis,10E,2,History,100
S231,Maneth Mendis,10E,2,Sinhala,100
S232,Dasun Peiris,10C,1,Mathematics,42
S232,Dasun Peiris,10C,1,Science,50
S232,Dasun Peiris,10C,1,English,53
S232,Dasun Peiris,10C,1,ICT,60
S232,Dasun Peiris,10C,1,History,54
S232,Dasun Peiris,10C,1,Sinhala,59
S232,Dasun Peiris,10C,2,Mathematics,66
S232,Dasun Peiris,10C,2,Science,65
S232,Dasun Peiris,10C,2,English,67
S232,Dasun Peiris,10C,2,ICT,62
S232,Dasun Peiris,10C,2,History,64
S232,Dasun Peiris,10C,2,Sinhala,63
S233,Hasith Perera,10B,1,Mathematics,70
S233,Hasith Perera,10B,1,Science,74
S233,Hasith Perera,10B,1,English,66
S233,Hasith Perera,10B,1,ICT,82
S233,Hasith Perera,10B,1,History,69
S233,Hasith Perera,10B,1,Sinhala,79
S233,Hasith Perera,10B,2,Mathematics,83
S233,Hasith Perera,10B,2,Science,89
S233,Hasith Perera,10B,2,English,76
S233,Hasith Perera,10B,2,ICT,85
S233,Hasith Perera,10B,2,History,93
S233,Hasith Perera,10B,2,Sinhala,100
S234,Hasith Alles,10E,1,Mathematics,30
S234,Hasith Alles,10E,1,Science,36
S234,Hasith Alles,10E,1,English,44
S234,Hasith Alles,10E,1,ICT,38
S234,Hasith Alles,10E,1,History,39
S234,Hasith Alles,10E,1,Sinhala,42
S234,Hasith Alles,10E,2,Mathematics,31
S234,Hasith Alles,10E,2,Science,32
S234,Hasith Alles,10E,2,English,26
S234,Hasith Alles,10E,2,ICT,41
S234,Hasith Alles,10E,2,History,37
S234,Hasith Alles,10E,2,Sinhala,42
S235,Charith Abrew,10C,1,Mathematics,54
S235,Charith Abrew,10C,1,Science,68
S235,Charith Abrew,10C,1,English,62
S235,Charith Abrew,10C,1,ICT,78
S235,Charith Abrew,10C,1,History,64
S235,Charith Abrew,10C,1,Sinhala,73
S235,Charith Abrew,10C,2,Mathematics,67
S235,Charith Abrew,10C,2,Science,59
S235,Charith Abrew,10C,2,English,65
S235,Charith Abrew,10C,2,ICT,76
S235,Charith Abrew,10C,2,History,62
S235,Charith Abrew,10C,2,Sinhala,55
S236,Hasith Rodrigo,10B,1,Mathematics,59
S236,Hasith Rodrigo,10B,1,Science,65
S236,Hasith Rodrigo,10B,1,English,63
S236,Hasith Rodrigo,10B,1,ICT,55
S236,Hasith Rodrigo,10B,1,History,68
S236,Hasith Rodrigo,10B,1,Sinhala,70
S236,Hasith Rodrigo,10B,2,Mathematics,70
S236,Hasith Rodrigo,10B,2,Science,77
S236,Hasith Rodrigo,10B,2,English,79
S236,Hasith Rodrigo,10B,2,ICT,76
S236,Hasith Rodrigo,10B,2,History,76
S236,Hasith Rodrigo,10B,2,Sinhala,77
S237,Pasan Rodrigo,10E,1,Mathematics,68
S237,Pasan Rodrigo,10E,1,Science,62
S237,Pasan Rodrigo,10E,1,English,76
S237,Pasan Rodrigo,10E,1,ICT,73
S237,Pasan Rodrigo,10E,1,History,72
S237,Pasan Rodrigo,10E,1,Sinhala,71
S237,Pasan Rodrigo,10E,2,Mathematics,67
S237,Pasan Rodrigo,10E,2,Science,74
S237,Pasan Rodrigo,10E,2,English,71
S237,Pasan Rodrigo,10E,2,ICT,72
S237,Pasan Rodrigo,10E,2,History,71
S237,Pasan Rodrigo,10E,2,Sinhala,63
S238,Lasith Thabrew,10D,1,Mathematics,70
S238,Lasith Thabrew,10D,1,Science,76
S238,Lasith Thabrew,10D,1,English,72
S238,Lasith Thabrew,10D,1,ICT,73
S238,Lasith Thabrew,10D,1,History,73
S238,Lasith Thabrew,10D,1,Sinhala,62
S238,Lasith Thabrew,10D,2,Mathematics,71
S238,Lasith Thabrew,10D,2,Science,69
S238,Lasith Thabrew,10D,2,English,75
S238,Lasith Thabrew,10D,2,ICT,75
S238,Lasith Thabrew,10D,2,History,69
S238,Lasith Thabrew,10D,2,Sinhala,65
S239,Ishan Abrew,10E,1,Mathematics,51
S239,Ishan Abrew,10E,1,Science,43
S239,Ishan Abrew,10E,1,English,53
S239,Ishan Abrew,10E,1,ICT,50
S239,Ishan Abrew,10E,1,History,61
S239,Ishan Abrew,10E,1,Sinhala,51
S239,Ishan Abrew,10E,2,Mathematics,49
S239,Ishan Abrew,10E,2,Science,57
S239,Ishan Abrew,10E,2,English,53
S239,Ishan Abrew,10E,2,ICT,56
S239,Ishan Abrew,10E,2,History,58
S239,Ishan Abrew,10E,2,Sinhala,58
S240,Vimath Gomes,10F,1,Mathematics,65
S240,Vimath Gomes,10F,1,Science,69
S240,Vimath Gomes,10F,1,English,63
S240,Vimath Gomes,10F,1,ICT,73
S240,Vimath Gomes,10F,1,History,72
S240,Vimath Gomes,10F,1,Sinhala,76
S240,Vimath Gomes,10F,2,Mathematics,68
S240,Vimath Gomes,10F,2,Science,72
S240,Vimath Gomes,10F,2,English,74
S240,Vimath Gomes,10F,2,ICT,82
S240,Vimath Gomes,10F,2,History,82
S240,Vimath Gomes,10F,2,Sinhala,78
S241,Hasith Costa,10D,1,Mathematics,81
S241,Hasith Costa,10D,1,Science,86
S241,Hasith Costa,10D,1,English,87
S241,Hasith Costa,10D,1,ICT,100
S241,Hasith Costa,10D,1,History,89
S241,Hasith Costa,10D,1,Sinhala,93
S241,Hasith Costa,10D,2,Mathematics,84
S241,Hasith Costa,10D,2,Science,76
S241,Hasith Costa,10D,2,English,85
S241,Hasith Costa,10D,2,ICT,92
S241,Hasith Costa,10D,2,History,91
S241,Hasith Costa,10D,2,Sinhala,100
S242,Binura Almeida,10D,1,Mathematics,53
S242,Binura Almeida,10D,1,Science,51
S242,Binura Almeida,10D,1,English,58
S242,Binura Almeida,10D,1,ICT,66
S242,Binura Almeida,10D,1,History,59
S242,Binura Almeida,10D,1,Sinhala,61
S242,Binura Almeida,10D,2,Mathematics,70
S242,Binura Almeida,10D,2,Science,72
S242,Binura Almeida,10D,2,English,75
S242,Binura Almeida,10D,2,ICT,71
S242,Binura Almeida,10D,2,History,70
S242,Binura Almeida,10D,2,Sinhala,76
S243,Pasan Abrew,10C,1,Mathematics,59
S243,Pasan Abrew,10C,1,Science,60
S243,Pasan Abrew,10C,1,English,58
S243,Pasan Abrew,10C,1,ICT,62
S243,Pasan Abrew,10C,1,History,59
S243,Pasan Abrew,10C,1,Sinhala,58
S243,Pasan Abrew,10C,2,Mathematics,71
S243,Pasan Abrew,10C,2,Science,59
S243,Pasan Abrew,10C,2,English,63
S243,Pasan Abrew,10C,2,ICT,62
S243,Pasan Abrew,10C,2,History,53
S243,Pasan Abrew,10C,2,Sinhala,54
S244,Dasun de Silva,10C,1,Mathematics,66
S244,Dasun de Silva,10C,1,Science,64
S244,Dasun de Silva,10C,1,English,66
S244,Dasun de Silva,10C,1,ICT,66
S244,Dasun de Silva,10C,1,History,80
S244,Dasun de Silva,10C,1,Sinhala,64
S244,Dasun de Silva,10C,2,Mathematics,56
S244,Dasun de Silva,10C,2,Science,65
S244,Dasun de Silva,10C,2,English,68
S244,Dasun de Silva,10C,2,ICT,73
S244,Dasun de Silva,10C,2,History,75
S244,Dasun de Silva,10C,2,Sinhala,70
S245,Pasan Peiris,10E,1,Mathematics,45
S245,Pasan Peiris,10E,1,Science,48
S245,Pasan Peiris,10E,1,English,57
S245,Pasan Peiris,10E,1,ICT,44
S245,Pasan Peiris,10E,1,History,49
S245,Pasan Peiris,10E,1,Sinhala,42
S245,Pasan Peiris,10E,2,Mathematics,47
S245,Pasan Peiris,10E,2,Science,49
S245,Pasan Peiris,10E,2,English,51
S245,Pasan Peiris,10E,2,ICT,43
S245,Pasan Peiris,10E,2,History,51
S245,Pasan Peiris,10E,2,Sinhala,44
S246,Binura Alwis,10E,1,Mathematics,77
S246,Binura Alwis,10E,1,Science,73
S246,Binura Alwis,10E,1,English,81
S246,Binura Alwis,10E,1,ICT,74
S246,Binura Alwis,10E,1,History,82
S246,Binura Alwis,10E,1,Sinhala,88
S246,Binura Alwis,10E,2,Mathematics,76
S246,Binura Alwis,10E,2,Science,85
S246,Binura Alwis,10E,2,English,70
S246,Binura Alwis,10E,2,ICT,77
S246,Binura Alwis,10E,2,History,84
S246,Binura Alwis,10E,2,Sinhala,87
S247,Eshan de Silva,10F,1,Mathematics,31
S247,Eshan de Silva,10F,1,Science,45
S247,Eshan de Silva,10F,1,English,42
S247,Eshan de Silva,10F,1,ICT,48
S247,Eshan de Silva,10F,1,History,53
S247,Eshan de Silva,10F,1,Sinhala,51
S247,Eshan de Silva,10F,2,Mathematics,31
S247,Eshan de Silva,10F,2,Science,37
S247,Eshan de Silva,10F,2,English,50
S247,Eshan de Silva,10F,2,ICT,45
S247,Eshan de Silva,10F,2,History,50
S247,Eshan de Silva,10F,2,Sinhala,53
S248,Ometh Fernando,10F,1,Mathematics,64
S248,Ometh Fernando,10F,1,Science,64
S248,Ometh Fernando,10F,1,English,67
S248,Ometh Fernando,10F,1,ICT,80
S248,Ometh Fernando,10F,1,History,69
S248,Ometh Fernando,10F,1,Sinhala,71
S248,Ometh Fernando,10F,2,Mathematics,67
S248,Ometh Fernando,10F,2,Science,69
S248,Ometh Fernando,10F,2,English,64
S248,Ometh Fernando,10F,2,ICT,76
S248,Ometh Fernando,10F,2,History,74
S248,Ometh Fernando,10F,2,Sinhala,75
S249,Dasun Nonis,10B,1,Mathematics,47
S249,Dasun Nonis,10B,1,Science,48
S249,Dasun Nonis,10B,1,English,51
S249,Dasun Nonis,10B,1,ICT,55
S249,Dasun Nonis,10B,1,History,50
S249,Dasun Nonis,10B,1,Sinhala,57
S249,Dasun Nonis,10B,2,Mathematics,42
S249,Dasun Nonis,10B,2,Science,53
S249,Dasun Nonis,10B,2,English,51
S249,Dasun Nonis,10B,2,ICT,53
S249,Dasun Nonis,10B,2,History,50
S249,Dasun Nonis,10B,2,Sinhala,56
S250,Maneth Alles,10D,1,Mathematics,79
S250,Maneth Alles,10D,1,Science,72
S250,Maneth Alles,10D,1,English,76
S250,Maneth Alles,10D,1,ICT,84
S250,Maneth Alles,10D,1,History,82
S250,Maneth Alles,10D,1,Sinhala,82
S250,Maneth Alles,10D,2,Mathematics,65
S250,Maneth Alles,10D,2,Science,63
S250,Maneth Alles,10D,2,English,64
S250,Maneth Alles,10D,2,ICT,74
S250,Maneth Alles,10D,2,History,80
S250,Maneth Alles,10D,2,Sinhala,75
S251,Ashan Abrew,10B,1,Mathematics,41
S251,Ashan Abrew,10B,1,Science,49
S251,Ashan Abrew,10B,1,English,48
S251,Ashan Abrew,10B,1,ICT,62
S251,Ashan Abrew,10B,1,History,62
S251,Ashan Abrew,10B,1,Sinhala,43
S251,Ashan Abrew,10B,2,Mathematics,51
S251,Ashan Abrew,10B,2,Science,51
S251,Ashan Abrew,10B,2,English,47
S251,Ashan Abrew,10B,2,ICT,60
S251,Ashan Abrew,10B,2,History,51
S251,Ashan Abrew,10B,2,Sinhala,62
S252,Binura Fernando,10B,1,Mathematics,68
S252,Binura Fernando,10B,1,Science,74
S252,Binura Fernando,10B,1,English,59
S252,Binura Fernando,10B,1,ICT,72
S252,Binura Fernando,10B,1,History,64
S252,Binura Fernando,10B,1,Sinhala,73
S252,Binura Fernando,10B,2,Mathematics,68
S252,Binura Fernando,10B,2,Science,84
S252,Binura Fernando,10B,2,English,69
S252,Binura Fernando,10B,2,ICT,76
S252,Binura Fernando,10B,2,History,74
S252,Binura Fernando,10B,2,Sinhala,79
S253,Nadun Perera,10E,1,Mathematics,73
S253,Nadun Perera,10E,1,Science,75
S253,Nadun Perera,10E,1,English,81
S253,Nadun Perera,10E,1,ICT,73
S253,Nadun Perera,10E,1,History,81
S253,Nadun Perera,10E,1,Sinhala,74
S253,Nadun Perera,10E,2,Mathematics,75
S253,Nadun Perera,10E,2,Science,67
S253,Nadun Perera,10E,2,English,85
S253,Nadun Perera,10E,2,ICT,80
S253,Nadun Perera,10E,2,History,82
S253,Nadun Perera,10E,2,Sinhala,80
S254,Thineth Almeida,10A,1,Mathematics,70
S254,Thineth Almeida,10A,1,Science,65
S254,Thineth Almeida,10A,1,English,64
S254,Thineth Almeida,10A,1,ICT,76
S254,Thineth Almeida,10A,1,History,71
S254,Thineth Almeida,10A,1,Sinhala,73
S254,Thineth Almeida,10A,2,Mathematics,74
S254,Thineth Almeida,10A,2,Science,74
S254,Thineth Almeida,10A,2,English,70
S254,Thineth Almeida,10A,2,ICT,78
S254,Thineth Almeida,10A,2,History,82
S254,Thineth Almeida,10A,2,Sinhala,81
S255,Kasun Thabrew,10F,1,Mathematics,77
S255,Kasun Thabrew,10F,1,Science,75
S255,Kasun Thabrew,10F,1,English,67
S255,Kasun Thabrew,10F,1,ICT,77
S255,Kasun Thabrew,10F,1,History,77
S255,Kasun Thabrew,10F,1,Sinhala,87
S255,Kasun Thabrew,10F,2,Mathematics,82
S255,Kasun Thabrew,10F,2,Science,71
S255,Kasun Thabrew,10F,2,English,61
S255,Kasun Thabrew,10F,2,ICT,75
S255,Kasun Thabrew,10F,2,History,77
S255,Kasun Thabrew,10F,2,Sinhala,83
S256,Nadun Alwis,10D,1,Mathematics,77
S256,Nadun Alwis,10D,1,Science,90
S256,Nadun Alwis,10D,1,English,91
S256,Nadun Alwis,10D,1,ICT,85
S256,Nadun Alwis,10D,1,History,81
S256,Nadun Alwis,10D,1,Sinhala,83
S256,Nadun Alwis,10D,2,Mathematics,80
S256,Nadun Alwis,10D,2,Science,99
S256,Nadun Alwis,10D,2,English,94
S256,Nadun Alwis,10D,2,ICT,95
S256,Nadun Alwis,10D,2,History,88
S256,Nadun Alwis,10D,2,Sinhala,92
S257,Lasith Perera,10A,1,Mathematics,35
S257,Lasith Perera,10A,1,Science,31
S257,Lasith Perera,10A,1,English,39
S257,Lasith Perera,10A,1,ICT,31
S257,Lasith Perera,10A,1,History,26
S257,Lasith Perera,10A,1,Sinhala,36
S257,Lasith Perera,10A,2,Mathematics,27
S257,Lasith Perera,10A,2,Science,18
S257,Lasith Perera,10A,2,English,37
S257,Lasith Perera,10A,2,ICT,34
S257,Lasith Perera,10A,2,History,27
S257,Lasith Perera,10A,2,Sinhala,35
S258,Charith Almeida,10D,1,Mathematics,81
S258,Charith Almeida,10D,1,Science,87
S258,Charith Almeida,10D,1,English,84
S258,Charith Almeida,10D,1,ICT,88
S258,Charith Almeida,10D,1,History,86
S258,Charith Almeida,10D,1,Sinhala,81
S258,Charith Almeida,10D,2,Mathematics,86
S258,Charith Almeida,10D,2,Science,86
S258,Charith Almeida,10D,2,English,77
S258,Charith Almeida,10D,2,ICT,88
S258,Charith Almeida,10D,2,History,92
S258,Charith Almeida,10D,2,Sinhala,78
S259,Nadun Nonis,10E,1,Mathematics,92
S259,Nadun Nonis,10E,1,Science,87
S259,Nadun Nonis,10E,1,English,97
S259,Nadun Nonis,10E,1,ICT,82
S259,Nadun Nonis,10E,1,History,97
S259,Nadun Nonis,10E,1,Sinhala,89
S259,Nadun Nonis,10E,2,Mathematics,87
S259,Nadun Nonis,10E,2,Science,95
S259,Nadun Nonis,10E,2,English,96
S259,Nadun Nonis,10E,2,ICT,92
S259,Nadun Nonis,10E,2,History,91
S259,Nadun Nonis,10E,2,Sinhala,92
S260,Eshan Rodrigo,10C,1,Mathematics,43
S260,Eshan Rodrigo,10C,1,Science,53
S260,Eshan Rodrigo,10C,1,English,59
S260,Eshan Rodrigo,10C,1,ICT,56
S260,Eshan Rodrigo,10C,1,History,55
S260,Eshan Rodrigo,10C,1,Sinhala,45
S260,Eshan Rodrigo,10C,2,Mathematics,34
S260,Eshan Rodrigo,10C,2,Science,39
S260,Eshan Rodrigo,10C,2,English,44
S260,Eshan Rodrigo,10C,2,ICT,43
S260,Eshan Rodrigo,10C,2,History,41
S260,Eshan Rodrigo,10C,2,Sinhala,32
S261,Radith Almeida,10A,1,Mathematics,43
S261,Radith Almeida,10A,1,Science,31
S261,Radith Almeida,10A,1,English,52
S261,Radith Almeida,10A,1,ICT,63
S261,Radith Almeida,10A,1,History,50
S261,Radith Almeida,10A,1,Sinhala,54
S261,Radith Almeida,10A,2,Mathematics,52
S261,Radith Almeida,10A,2,Science,53
S261,Radith Almeida,10A,2,English,62
S261,Radith Almeida,10A,2,ICT,60
S261,Radith Almeida,10A,2,History,64
S261,Radith Almeida,10A,2,Sinhala,64
S262,Binura Costa,10F,1,Mathematics,68
S262,Binura Costa,10F,1,Science,64
S262,Binura Costa,10F,1,English,68
S262,Binura Costa,10F,1,ICT,75
S262,Binura Costa,10F,1,History,74
S262,Binura Costa,10F,1,Sinhala,70
S262,Binura Costa,10F,2,Mathematics,63
S262,Binura Costa,10F,2,Science,54
S262,Binura Costa,10F,2,English,65
S262,Binura Costa,10F,2,ICT,67
S262,Binura Costa,10F,2,History,72
S262,Binura Costa,10F,2,Sinhala,69
S263,Kasun Perera,10E,1,Mathematics,51
S263,Kasun Perera,10E,1,Science,62
S263,Kasun Perera,10E,1,English,65
S263,Kasun Perera,10E,1,ICT,73
S263,Kasun Perera,10E,1,History,61
S263,Kasun Perera,10E,1,Sinhala,69
S263,Kasun Perera,10E,2,Mathematics,64
S263,Kasun Perera,10E,2,Science,57
S263,Kasun Perera,10E,2,English,65
S263,Kasun Perera,10E,2,ICT,75
S263,Kasun Perera,10E,2,History,69
S263,Kasun Perera,10E,2,Sinhala,66
S264,Maneth Abrew,10D,1,Mathematics,38
S264,Maneth Abrew,10D,1,Science,43
S264,Maneth Abrew,10D,1,English,27
S264,Maneth Abrew,10D,1,ICT,34
S264,Maneth Abrew,10D,1,History,47
S264,Maneth Abrew,10D,1,Sinhala,44
S264,Maneth Abrew,10D,2,Mathematics,50
S264,Maneth Abrew,10D,2,Science,38
S264,Maneth Abrew,10D,2,English,32
S264,Maneth Abrew,10D,2,ICT,36
S264,Maneth Abrew,10D,2,History,45
S264,Maneth Abrew,10D,2,Sinhala,40
S265,Nadun Rodrigo,10E,1,Mathematics,49
S265,Nadun Rodrigo,10E,1,Science,64
S265,Nadun Rodrigo,10E,1,English,65
S265,Nadun Rodrigo,10E,1,ICT,64
S265,Nadun Rodrigo,10E,1,History,69
S265,Nadun Rodrigo,10E,1,Sinhala,71
S265,Nadun Rodrigo,10E,2,Mathematics,50
S265,Nadun Rodrigo,10E,2,Science,62
S265,Nadun Rodrigo,10E,2,English,61
S265,Nadun Rodrigo,10E,2,ICT,59
S265,Nadun Rodrigo,10E,2,History,66
S265,Nadun Rodrigo,10E,2,Sinhala,67
S266,Dasun Alles,10E,1,Mathematics,66
S266,Dasun Alles,10E,1,Science,64
S266,Dasun Alles,10E,1,English,72
S266,Dasun Alles,10E,1,ICT,78
S266,Dasun Alles,10E,1,History,67
S266,Dasun Alles,10E,1,Sinhala,75
S266,Dasun Alles,10E,2,Mathematics,80
S266,Dasun Alles,10E,2,Science,76
S266,Dasun Alles,10E,2,English,82
S266,Dasun Alles,10E,2,ICT,79
S266,Dasun Alles,10E,2,History,83
S266,Dasun Alles,10E,2,Sinhala,88
S267,Nadun de Silva,10A,1,Mathematics,35
S267,Nadun de Silva,10A,1,Science,28
S267,Nadun de Silva,10A,1,English,28
S267,Nadun de Silva,10A,1,ICT,28
S267,Nadun de Silva,10A,1,History,30
S267,Nadun de Silva,10A,1,Sinhala,40
S267,Nadun de Silva,10A,2,Mathematics,29
S267,Nadun de Silva,10A,2,Science,25
S267,Nadun de Silva,10A,2,English,23
S267,Nadun de Silva,10A,2,ICT,30
S267,Nadun de Silva,10A,2,History,22
S267,Nadun de Silva,10A,2,Sinhala,31
S268,Vimath Fernando,10C,1,Mathematics,60
S268,Vimath Fernando,10C,1,Science,65
S268,Vimath Fernando,10C,1,English,67
S268,Vimath Fernando,10C,1,ICT,68
S268,Vimath Fernando,10C,1,History,66
S268,Vimath Fernando,10C,1,Sinhala,60
S268,Vimath Fernando,10C,2,Mathematics,69
S268,Vimath Fernando,10C,2,Science,79
S268,Vimath Fernando,10C,2,English,77
S268,Vimath Fernando,10C,2,ICT,86
S268,Vimath Fernando,10C,2,History,79
S268,Vimath Fernando,10C,2,Sinhala,75
S269,Vimath Peiris,10B,1,Mathematics,55
S269,Vimath Peiris,10B,1,Science,72
S269,Vimath Peiris,10B,1,English,60
S269,Vimath Peiris,10B,1,ICT,69
S269,Vimath Peiris,10B,1,History,58
S269,Vimath Peiris,10B,1,Sinhala,63
S269,Vimath Peiris,10B,2,Mathematics,44
S269,Vimath Peiris,10B,2,Science,53
S269,Vimath Peiris,10B,2,English,48
S269,Vimath Peiris,10B,2,ICT,52
S269,Vimath Peiris,10B,2,History,49
S269,Vimath Peiris,10B,2,Sinhala,48
S270,Maneth Costa,10D,1,Mathematics,68
S270,Maneth Costa,10D,1,Science,75
S270,Maneth Costa,10D,1,English,75
S270,Maneth Costa,10D,1,ICT,89
S270,Maneth Costa,10D,1,History,72
S270,Maneth Costa,10D,1,Sinhala,82
S270,Maneth Costa,10D,2,Mathematics,61
S270,Maneth Costa,10D,2,Science,74
S270,Maneth Costa,10D,2,English,55
S270,Maneth Costa,10D,2,ICT,70
S270,Maneth Costa,10D,2,History,55
S270,Maneth Costa,10D,2,Sinhala,59
S271,Ishan Alwis,10C,1,Mathematics,51
S271,Ishan Alwis,10C,1,Science,50
S271,Ishan Alwis,10C,1,English,50
S271,Ishan Alwis,10C,1,ICT,74
S271,Ishan Alwis,10C,1,History,57
S271,Ishan Alwis,10C,1,Sinhala,57
S271,Ishan Alwis,10C,2,Mathematics,26
S271,Ishan Alwis,10C,2,Science,34
S271,Ishan Alwis,10C,2,English,48
S271,Ishan Alwis,10C,2,ICT,51
S271,Ishan Alwis,10C,2,History,42
S271,Ishan Alwis,10C,2,Sinhala,47
S272,Gihan Alles,10B,1,Mathematics,42
S272,Gihan Alles,10B,1,Science,47
S272,Gihan Alles,10B,1,English,52
S272,Gihan Alles,10B,1,ICT,46
S272,Gihan Alles,10B,1,History,53
S272,Gihan Alles,10B,1,Sinhala,50
S272,Gihan Alles,10B,2,Mathematics,62
S272,Gihan Alles,10B,2,Science,63
S272,Gihan Alles,10B,2,English,68
S272,Gihan Alles,10B,2,ICT,67
S272,Gihan Alles,10B,2,History,64
S272,Gihan Alles,10B,2,Sinhala,68
S273,Uvindu Costa,10B,1,Mathematics,34
S273,Uvindu Costa,10B,1,Science,25
S273,Uvindu Costa,10B,1,English,52
S273,Uvindu Costa,10B,1,ICT,30
S273,Uvindu Costa,10B,1,History,30
S273,Uvindu Costa,10B,1,Sinhala,36
S273,Uvindu Costa,10B,2,Mathematics,29
S273,Uvindu Costa,10B,2,Science,23
S273,Uvindu Costa,10B,2,English,40
S273,Uvindu Costa,10B,2,ICT,28
S273,Uvindu Costa,10B,2,History,26
S273,Uvindu Costa,10B,2,Sinhala,29
S274,Maneth Gomes,10A,1,Mathematics,64
S274,Maneth Gomes,10A,1,Science,67
S274,Maneth Gomes,10A,1,English,67
S274,Maneth Gomes,10A,1,ICT,78
S274,Maneth Gomes,10A,1,History,75
S274,Maneth Gomes,10A,1,Sinhala,74
S274,Maneth Gomes,10A,2,Mathematics,60
S274,Maneth Gomes,10A,2,Science,58
S274,Maneth Gomes,10A,2,English,66
S274,Maneth Gomes,10A,2,ICT,67
S274,Maneth Gomes,10A,2,History,62
S274,Maneth Gomes,10A,2,Sinhala,66
S275,Vimath Alwis,10D,1,Mathematics,49
S275,Vimath Alwis,10D,1,Science,49
S275,Vimath Alwis,10D,1,English,64
S275,Vimath Alwis,10D,1,ICT,68
S275,Vimath Alwis,10D,1,History,50
S275,Vimath Alwis,10D,1,Sinhala,50
S275,Vimath Alwis,10D,2,Mathematics,51
S275,Vimath Alwis,10D,2,Science,46
S275,Vimath Alwis,10D,2,English,50
S275,Vimath Alwis,10D,2,ICT,61
S275,Vimath Alwis,10D,2,History,50
S275,Vimath Alwis,10D,2,Sinhala,52
S276,Gihan Mendis,10D,1,Mathematics,55
S276,Gihan Mendis,10D,1,Science,63
S276,Gihan Mendis,10D,1,English,73
S276,Gihan Mendis,10D,1,ICT,66
S276,Gihan Mendis,10D,1,History,63
S276,Gihan Mendis,10D,1,Sinhala,62
S276,Gihan Mendis,10D,2,Mathematics,66
S276,Gihan Mendis,10D,2,Science,66
S276,Gihan Mendis,10D,2,English,81
S276,Gihan Mendis,10D,2,ICT,70
S276,Gihan Mendis,10D,2,History,79
S276,Gihan Mendis,10D,2,Sinhala,77
S277,Ashan Rodrigo,10C,1,Mathematics,52
S277,Ashan Rodrigo,10C,1,Science,38
S277,Ashan Rodrigo,10C,1,English,58
S277,Ashan Rodrigo,10C,1,ICT,61
S277,Ashan Rodrigo,10C,1,History,61
S277,Ashan Rodrigo,10C,1,Sinhala,54
S277,Ashan Rodrigo,10C,2,Mathematics,66
S277,Ashan Rodrigo,10C,2,Science,65
S277,Ashan Rodrigo,10C,2,English,55
S277,Ashan Rodrigo,10C,2,ICT,72
S277,Ashan Rodrigo,10C,2,History,65
S277,Ashan Rodrigo,10C,2,Sinhala,63
S278,Kasun Costa,10C,1,Mathematics,65
S278,Kasun Costa,10C,1,Science,68
S278,Kasun Costa,10C,1,English,74
S278,Kasun Costa,10C,1,ICT,69
S278,Kasun Costa,10C,1,History,63
S278,Kasun Costa,10C,1,Sinhala,73
S278,Kasun Costa,10C,2,Mathematics,66
S278,Kasun Costa,10C,2,Science,73
S278,Kasun Costa,10C,2,English,69
S278,Kasun Costa,10C,2,ICT,74
S278,Kasun Costa,10C,2,History,64
S278,Kasun Costa,10C,2,Sinhala,65
S279,Radith Alles,10C,1,Mathematics,90
S279,Radith Alles,10C,1,Science,83
S279,Radith Alles,10C,1,English,96
S279,Radith Alles,10C,1,ICT,91
S279,Radith Alles,10C,1,History,95
S279,Radith Alles,10C,1,Sinhala,98
S279,Radith Alles,10C,2,Mathematics,88
S279,Radith Alles,10C,2,Science,94
S279,Radith Alles,10C,2,English,90
S279,Radith Alles,10C,2,ICT,100
S279,Radith Alles,10C,2,History,97
S279,Radith Alles,10C,2,Sinhala,97
S280,Ishan Costa,10A,1,Mathematics,82
S280,Ishan Costa,10A,1,Science,89
S280,Ishan Costa,10A,1,English,95
S280,Ishan Costa,10A,1,ICT,96
S280,Ishan Costa,10A,1,History,95
S280,Ishan Costa,10A,1,Sinhala,90
S280,Ishan Costa,10A,2,Mathematics,88
S280,Ishan Costa,10A,2,Science,83
S280,Ishan Costa,10A,2,English,87
S280,Ishan Costa,10A,2,ICT,94
S280,Ishan Costa,10A,2,History,87
S280,Ishan Costa,10A,2,Sinhala,93
S281,Pasan Alles,10E,1,Mathematics,66
S281,Pasan Alles,10E,1,Science,58
S281,Pasan Alles,10E,1,English,67
S281,Pasan Alles,10E,1,ICT,71
S281,Pasan Alles,10E,1,History,61
S281,Pasan Alles,10E,1,Sinhala,69
S281,Pasan Alles,10E,2,Mathematics,66
S281,Pasan Alles,10E,2,Science,64
S281,Pasan Alles,10E,2,English,69
S281,Pasan Alles,10E,2,ICT,70
S281,Pasan Alles,10E,2,History,61
S281,Pasan Alles,10E,2,Sinhala,67
S282,Vimath Costa,10C,1,Mathematics,84
S282,Vimath Costa,10C,1,Science,74
S282,Vimath Costa,10C,1,English,90
S282,Vimath Costa,10C,1,ICT,89
S282,Vimath Costa,10C,1,History,92
S282,Vimath Costa,10C,1,Sinhala,97
S282,Vimath Costa,10C,2,Mathematics,87
S282,Vimath Costa,10C,2,Science,77
S282,Vimath Costa,10C,2,English,85
S282,Vimath Costa,10C,2,ICT,82
S282,Vimath Costa,10C,2,History,86
S282,Vimath Costa,10C,2,Sinhala,96
S283,Hasith Abrew,10C,1,Mathematics,49
S283,Hasith Abrew,10C,1,Science,50
S283,Hasith Abrew,10C,1,English,48
S283,Hasith Abrew,10C,1,ICT,50
S283,Hasith Abrew,10C,1,History,47
S283,Hasith Abrew,10C,1,Sinhala,57
S283,Hasith Abrew,10C,2,Mathematics,42
S283,Hasith Abrew,10C,2,Science,50
S283,Hasith Abrew,10C,2,English,48
S283,Hasith Abrew,10C,2,ICT,53
S283,Hasith Abrew,10C,2,History,55
S283,Hasith Abrew,10C,2,Sinhala,48
S284,Ashan Nonis,10E,1,Mathematics,24
S284,Ashan Nonis,10E,1,Science,42
S284,Ashan Nonis,10E,1,English,50
S284,Ashan Nonis,10E,1,ICT,48
S284,Ashan Nonis,10E,1,History,41
S284,Ashan Nonis,10E,1,Sinhala,36
S284,Ashan Nonis,10E,2,Mathematics,27
S284,Ashan Nonis,10E,2,Science,34
S284,Ashan Nonis,10E,2,English,36
S284,Ashan Nonis,10E,2,ICT,38
S284,Ashan Nonis,10E,2,History,35
S284,Ashan Nonis,10E,2,Sinhala,33
S285,Thineth Rodrigo,10F,1,Mathematics,68
S285,Thineth Rodrigo,10F,1,Science,65
S285,Thineth Rodrigo,10F,1,English,64
S285,Thineth Rodrigo,10F,1,ICT,74
S285,Thineth Rodrigo,10F,1,History,69
S285,Thineth Rodrigo,10F,1,Sinhala,69
S285,Thineth Rodrigo,10F,2,Mathematics,50
S285,Thineth Rodrigo,10F,2,Science,59
S285,Thineth Rodrigo,10F,2,English,62
S285,Thineth Rodrigo,10F,2,ICT,56
S285,Thineth Rodrigo,10F,2,History,62
S285,Thineth Rodrigo,10F,2,Sinhala,51
S286,Ishan de Silva,10C,1,Mathematics,32
S286,Ishan de Silva,10C,1,Science,42
S286,Ishan de Silva,10C,1,English,34
S286,Ishan de Silva,10C,1,ICT,43
S286,Ishan de Silva,10C,1,History,44
S286,Ishan de Silva,10C,1,Sinhala,42
S286,Ishan de Silva,10C,2,Mathematics,36
S286,Ishan de Silva,10C,2,Science,45
S286,Ishan de Silva,10C,2,English,32
S286,Ishan de Silva,10C,2,ICT,35
S286,Ishan de Silva,10C,2,History,37
S286,Ishan de Silva,10C,2,Sinhala,41
S287,Ishan Mendis,10C,1,Mathematics,57
S287,Ishan Mendis,10C,1,Science,59
S287,Ishan Mendis,10C,1,English,59
S287,Ishan Mendis,10C,1,ICT,66
S287,Ishan Mendis,10C,1,History,60
S287,Ishan Mendis,10C,1,Sinhala,61
S287,Ishan Mendis,10C,2,Mathematics,53
S287,Ishan Mendis,10C,2,Science,59
S287,Ishan Mendis,10C,2,English,66
S287,Ishan Mendis,10C,2,ICT,66
S287,Ishan Mendis,10C,2,History,58
S287,Ishan Mendis,10C,2,Sinhala,61
S288,Dasun Fernando,10C,1,Mathematics,60
S288,Dasun Fernando,10C,1,Science,51
S288,Dasun Fernando,10C,1,English,56
S288,Dasun Fernando,10C,1,ICT,57
S288,Dasun Fernando,10C,1,History,49
S288,Dasun Fernando,10C,1,Sinhala,59
S288,Dasun Fernando,10C,2,Mathematics,59
S288,Dasun Fernando,10C,2,Science,63
S288,Dasun Fernando,10C,2,English,60
S288,Dasun Fernando,10C,2,ICT,62
S288,Dasun Fernando,10C,2,History,61
S288,Dasun Fernando,10C,2,Sinhala,66
S289,Binura Perera,10E,1,Mathematics,77
S289,Binura Perera,10E,1,Science,91
S289,Binura Perera,10E,1,English,85
S289,Binura Perera,10E,1,ICT,94
S289,Binura Perera,10E,1,History,86
S289,Binura Perera,10E,1,Sinhala,74
S289,Binura Perera,10E,2,Mathematics,62
S289,Binura Perera,10E,2,Science,80
S289,Binura Perera,10E,2,English,64
S289,Binura Perera,10E,2,ICT,77
S289,Binura Perera,10E,2,History,66
S289,Binura Perera,10E,2,Sinhala,66
S290,Binura Silva,10E,1,Mathematics,28
S290,Binura Silva,10E,1,Science,27
S290,Binura Silva,10E,1,English,32
S290,Binura Silva,10E,1,ICT,44
S290,Binura Silva,10E,1,History,38
S290,Binura Silva,10E,1,Sinhala,25
S290,Binura Silva,10E,2,Mathematics,37
S290,Binura Silva,10E,2,Science,35
S290,Binura Silva,10E,2,English,41
S290,Binura Silva,10E,2,ICT,51
S290,Binura Silva,10E,2,History,51
S290,Binura Silva,10E,2,Sinhala,48
S291,Pasan Mendis,10B,1,Mathematics,70
S291,Pasan Mendis,10B,1,Science,69
S291,Pasan Mendis,10B,1,English,78
S291,Pasan Mendis,10B,1,ICT,67
S291,Pasan Mendis,10B,1,History,71
S291,Pasan Mendis,10B,1,Sinhala,73
S291,Pasan Mendis,10B,2,Mathematics,67
S291,Pasan Mendis,10B,2,Science,72
S291,Pasan Mendis,10B,2,English,77
S291,Pasan Mendis,10B,2,ICT,79
S291,Pasan Mendis,10B,2,History,72
S291,Pasan Mendis,10B,2,Sinhala,66
S292,Charith de Silva,10E,1,Mathematics,100
S292,Charith de Silva,10E,1,Science,88
S292,Charith de Silva,10E,1,English,90
S292,Charith de Silva,10E,1,ICT,86
S292,Charith de Silva,10E,1,History,98
S292,Charith de Silva,10E,1,Sinhala,80
S292,Charith de Silva,10E,2,Mathematics,88
S292,Charith de Silva,10E,2,Science,87
S292,Charith de Silva,10E,2,English,99
S292,Charith de Silva,10E,2,ICT,100
S292,Charith de Silva,10E,2,History,94
S292,Charith de Silva,10E,2,Sinhala,89
S293,Uvindu Gomes,10F,1,Mathematics,26
S293,Uvindu Gomes,10F,1,Science,30
S293,Uvindu Gomes,10F,1,English,37
S293,Uvindu Gomes,10F,1,ICT,36
S293,Uvindu Gomes,10F,1,History,28
S293,Uvindu Gomes,10F,1,Sinhala,31
S293,Uvindu Gomes,10F,2,Mathematics,18
S293,Uvindu Gomes,10F,2,Science,20
S293,Uvindu Gomes,10F,2,English,27
S293,Uvindu Gomes,10F,2,ICT,30
S293,Uvindu Gomes,10F,2,History,20
S293,Uvindu Gomes,10F,2,Sinhala,18
S294,Dasun Costa,10E,1,Mathematics,74
S294,Dasun Costa,10E,1,Science,77
S294,Dasun Costa,10E,1,English,75
S294,Dasun Costa,10E,1,ICT,78
S294,Dasun Costa,10E,1,History,83
S294,Dasun Costa,10E,1,Sinhala,76
S294,Dasun Costa,10E,2,Mathematics,72
S294,Dasun Costa,10E,2,Science,78
S294,Dasun Costa,10E,2,English,60
S294,Dasun Costa,10E,2,ICT,75
S294,Dasun Costa,10E,2,History,72
S294,Dasun Costa,10E,2,Sinhala,76
S295,Eshan Abrew,10F,1,Mathematics,66
S295,Eshan Abrew,10F,1,Science,63
S295,Eshan Abrew,10F,1,English,74
S295,Eshan Abrew,10F,1,ICT,63
S295,Eshan Abrew,10F,1,History,66
S295,Eshan Abrew,10F,1,Sinhala,76
S295,Eshan Abrew,10F,2,Mathematics,71
S295,Eshan Abrew,10F,2,Science,68
S295,Eshan Abrew,10F,2,English,78
S295,Eshan Abrew,10F,2,ICT,77
S295,Eshan Abrew,10F,2,History,84
S295,Eshan Abrew,10F,2,Sinhala,82
S296,Ishan Gomes,10E,1,Mathematics,61
S296,Ishan Gomes,10E,1,Science,70
S296,Ishan Gomes,10E,1,English,71
S296,Ishan Gomes,10E,1,ICT,75
S296,Ishan Gomes,10E,1,History,74
S296,Ishan Gomes,10E,1,Sinhala,78
S296,Ishan Gomes,10E,2,Mathematics,63
S296,Ishan Gomes,10E,2,Science,75
S296,Ishan Gomes,10E,2,English,66
S296,Ishan Gomes,10E,2,ICT,72
S296,Ishan Gomes,10E,2,History,84
S296,Ishan Gomes,10E,2,Sinhala,72
S297,Janith Alwis,10D,1,Mathematics,54
S297,Janith Alwis,10D,1,Science,51
S297,Janith Alwis,10D,1,English,62
S297,Janith Alwis,10D,1,ICT,75
S297,Janith Alwis,10D,1,History,51
S297,Janith Alwis,10D,1,Sinhala,43
S297,Janith Alwis,10D,2,Mathematics,66
S297,Janith Alwis,10D,2,Science,60
S297,Janith Alwis,10D,2,English,68
S297,Janith Alwis,10D,2,ICT,79
S297,Janith Alwis,10D,2,History,70
S297,Janith Alwis,10D,2,Sinhala,70
S298,Kasun Alwis,10F,1,Mathematics,63
S298,Kasun Alwis,10F,1,Science,64
S298,Kasun Alwis,10F,1,English,66
S298,Kasun Alwis,10F,1,ICT,75
S298,Kasun Alwis,10F,1,History,65
S298,Kasun Alwis,10F,1,Sinhala,67
S298,Kasun Alwis,10F,2,Mathematics,65
S298,Kasun Alwis,10F,2,Science,64
S298,Kasun Alwis,10F,2,English,54
S298,Kasun Alwis,10F,2,ICT,67
S298,Kasun Alwis,10F,2,History,56
S298,Kasun Alwis,10F,2,Sinhala,68
S299,Ashan Thabrew,10F,1,Mathematics,45
S299,Ashan Thabrew,10F,1,Science,48
S299,Ashan Thabrew,10F,1,English,44
S299,Ashan Thabrew,10F,1,ICT,58
S299,Ashan Thabrew,10F,1,History,42
S299,Ashan Thabrew,10F,1,Sinhala,51
S299,Ashan Thabrew,10F,2,Mathematics,43
S299,Ashan Thabrew,10F,2,Science,45
S299,Ashan Thabrew,10F,2,English,42
S299,Ashan Thabrew,10F,2,ICT,51
S299,Ashan Thabrew,10F,2,History,34
S299,Ashan Thabrew,10F,2,Sinhala,49
S300,Dasun Thabrew,10E,1,Mathematics,29
S300,Dasun Thabrew,10E,1,Science,33
S300,Dasun Thabrew,10E,1,English,38
S300,Dasun Thabrew,10E,1,ICT,47
S300,Dasun Thabrew,10E,1,History,42
S300,Dasun Thabrew,10E,1,Sinhala,32
S300,Dasun Thabrew,10E,2,Mathematics,40
S300,Dasun Thabrew,10E,2,Science,31
S300,Dasun Thabrew,10E,2,English,47
S300,Dasun Thabrew,10E,2,ICT,47
S300,Dasun Thabrew,10E,2,History,48
S300,Dasun Thabrew,10E,2,Sinhala,44
